Workbook
Name cnes_cnv_equipebr132935186_212_98_254: aps_equipes_esf!$A$884:$L$942
Name cnes_cnv_equipebr133552186_212_98_254: aps_equipes_esf!$A$943:$L$979
Name cnes_cnv_equipebr141509186_212_98_254: aps_equipes_ap1!$A$223:$L$258
Name cnes_cnv_equipebr142024186_212_98_254: ft_equipes_acs!$A$586:$L$654
Name cnes_cnv_servc2br190248186_212_98_254: ci_pa_clinico!$A$355:$L$400
Name deepseek_csv_20260103_403e55: ci_pa_clinico!$A$1:$C$353
Name deepseek_csv_20260103_47bacb: ci_leitos_internacao!$A$1:$C$727
Name deepseek_csv_20260103_6c6bf3: ci_hospitais_internacao!$A$1:$C$727
Name deepseek_csv_20260104_20d45e: aps_equipes_esf!$A$585:$C$881
Name deepseek_csv_20260104_4f976d: ft_enfermeiros!$A$1:$C$694
Name deepseek_csv_20260104_5c32f5: aps_equipes_ap2!$A$1:$C$100
Name deepseek_csv_20260104_79b2e0: aps_equipes_esf!$A$1:$C$584
Name deepseek_csv_20260104_df6ff8: ft_medicos_clinicos!$A$1:$C$705
Name deepseek_csv_20260104_efcd65: aps_equipes_ap1!$A$1:$C$221
Name deepseek_csv_20260104_f19835: ft_equipes_acs!$A$1:$C$584
Name deepseek_csv_20260105_5d445e: casos!$A$1:$C$716
Name deepseek_csv_20260105_fcc3b6: obitos!$A$1:$C$683
Name sinannet_cnv_denguebbr213106186_212_98_254: casos!$A$721:$M$818
Name sinannet_cnv_denguebbr213744186_212_98_254: obitos!$A$688:$M$783

Sheet base
A1: nome_munic | B1: cod_munic | C1: ano | D1: populacao | E1: ft_medicos_clinicos | F1: ft_enfermeiros | G1: ft_equipes_acs | H1: ci_leitos_internacao | I1: ci_hospitais_internacao | J1: ci_pa_clinico | K1: aps_equipes_esf | L1: notificacoes_dengue | M1: notificacoes_srag | N1: internacoes_diabetes | O1: cirurgias_eletivas | P1: exames_diagnosticos | Q1: internacoes_hipertensao | R1: consultas_pre_natais | S1: consultas_atencao_primaria
A2: Porto Velho (RO) | B2: 110020 | C2: 2015 | D2: {=IFERROR(INDEX(fesp!$D:$D, MATCH(1, (VALUE(LEFT(fesp!$A:$A,6))=VALUE(LEFT(B2,6)))*(fesp!$C:$C=C2), 0)), "")} -> 502748 | E2: {=IFERROR(INDEX(ft_medicos_clinicos!$C:$C, MATCH(1, (VALUE(LEFT(ft_medicos_clinicos!$A:$A,6))=VALUE(LEFT(B2,6)))*(ft_medicos_clinicos!$B:$B=C2), 0)), "")} -> 324 | F2: {=IFERROR(INDEX(ft_enfermeiros!$C:$C, MATCH(1, (VALUE(LEFT(ft_enfermeiros!$A:$A,6))=VALUE(LEFT(B2,6)))*(ft_enfermeiros!$B:$B=C2), 0)), "")} -> 505 | G2: {=IFERROR(INDEX(ft_equipes_acs!$C:$C, MATCH(1, (VALUE(LEFT(ft_equipes_acs!$A:$A,6))=VALUE(LEFT(B2,6)))*(ft_equipes_acs!$B:$B=C2), 0)), "")} -> - | H2: {=IFERROR(INDEX(ci_leitos_internacao!$C:$C, MATCH(1, (VALUE(LEFT(ci_leitos_internacao!$A:$A,6))=VALUE(LEFT(B2,6)))*(ci_leitos_internacao!$B:$B=C2), 0)), "")} -> 1654 | I2: {=IFERROR(INDEX(ci_hospitais_internacao!$C:$C, MATCH(1, (VALUE(LEFT(ci_hospitais_internacao!$A:$A,6))=VALUE(LEFT(B2,6)))*(ci_hospitais_internacao!$B:$B=C2), 0)), "")} -> 7 | J2: {=IFERROR(INDEX(ci_pa_clinico!$C:$C, MATCH(1, (VALUE(LEFT(ci_pa_clinico!$A:$A,6))=VALUE(LEFT(B2,6)))*(ci_pa_clinico!$B:$B=C2), 0)), "")} -> 5 | K2: {=IFERROR(INDEX(aps_equipes_esf!$C:$C, MATCH(1, (VALUE(LEFT(aps_equipes_esf!$A:$A,6))=VALUE(LEFT(B2,6)))*(aps_equipes_esf!$B:$B=C2), 0)), "")} -> 19 | L2: {=IFERROR(INDEX(casos!$C:$C, MATCH(1, (VALUE(LEFT(casos!$A:$A,6))=VALUE(LEFT(B2,6)))*(casos!$B:$B=C2), 0)), "")} -> 233 | M2: {=IFERROR(INDEX(srag!$D:$D, MATCH(1, (VALUE(LEFT(srag!$A:$A,6))=VALUE(LEFT(B2,6)))*(srag!$C:$C=C2), 0)), "")} -> 21 | N2: {=IFERROR(INDEX(fesp!$E:$E, MATCH(1, (VALUE(LEFT(fesp!$A:$A,6))=VALUE(LEFT(B2,6)))*(fesp!$C:$C=C2), 0)), "")} -> 114 | O2: {=IFERROR(INDEX(fesp!$F:$F, MATCH(1, (VALUE(LEFT(fesp!$A:$A,6))=VALUE(LEFT(B2,6)))*(fesp!$C:$C=C2), 0)), "")} -> 652 | P2: {=IFERROR(INDEX(fesp!$G:$G, MATCH(1, (VALUE(LEFT(fesp!$A:$A,6))=VALUE(LEFT(B2,6)))*(fesp!$C:$C=C2), 0)), "")} -> 4574081 | Q2: {=IFERROR(INDEX(fesp!$H:$H, MATCH(1, (VALUE(LEFT(fesp!$A:$A,6))=VALUE(LEFT(B2,6)))*(fesp!$C:$C=C2), 0)), "")} -> 25 | R2: {=IFERROR(INDEX(fesp!$I:$I, MATCH(1, (VALUE(LEFT(fesp!$A:$A,6))=VALUE(LEFT(B2,6)))*(fesp!$C:$C=C2), 0)), "")} -> 35047 | S2: {=IFERROR(INDEX(fesp!$J:$J, MATCH(1, (VALUE(LEFT(fesp!$A:$A,6))=VALUE(LEFT(B2,6)))*(fesp!$C:$C=C2), 0)), "")} -> 171666
A3: Porto Velho (RO) | B3: 110020 | C3: 2016 | D3: {=IFERROR(INDEX(fesp!$D:$D, MATCH(1, (VALUE(LEFT(fesp!$A:$A,6))=VALUE(LEFT(B3,6)))*(fesp!$C:$C=C3), 0)), "")} -> 0 | E3: {=IFERROR(INDEX(ft_medicos_clinicos!$C:$C, MATCH(1, (VALUE(LEFT(ft_medicos_clinicos!$A:$A,6))=VALUE(LEFT(B3,6)))*(ft_medicos_clinicos!$B:$B=C3), 0)), "")} -> 305 | F3: {=IFERROR(INDEX(ft_enfermeiros!$C:$C, MATCH(1, (VALUE(LEFT(ft_enfermeiros!$A:$A,6))=VALUE(LEFT(B3,6)))*(ft_enfermeiros!$B:$B=C3), 0)), "")} -> 604 | G3: {=IFERROR(INDEX(ft_equipes_acs!$C:$C, MATCH(1, (VALUE(LEFT(ft_equipes_acs!$A:$A,6))=VALUE(LEFT(B3,6)))*(ft_equipes_acs!$B:$B=C3), 0)), "")} -> - | H3: {=IFERROR(INDEX(ci_leitos_internacao!$C:$C, MATCH(1, (VALUE(LEFT(ci_leitos_internacao!$A:$A,6))=VALUE(LEFT(B3,6)))*(ci_leitos_internacao!$B:$B=C3), 0)), "")} -> 1666 | I3: {=IFERROR(INDEX(ci_hospitais_internacao!$C:$C, MATCH(1, (VALUE(LEFT(ci_hospitais_internacao!$A:$A,6))=VALUE(LEFT(B3,6)))*(ci_hospitais_internacao!$B:$B=C3), 0)), "")} -> 6 | J3: {=IFERROR(INDEX(ci_pa_clinico!$C:$C, MATCH(1, (VALUE(LEFT(ci_pa_clinico!$A:$A,6))=VALUE(LEFT(B3,6)))*(ci_pa_clinico!$B:$B=C3), 0)), "")} -> 6 | K3: {=IFERROR(INDEX(aps_equipes_esf!$C:$C, MATCH(1, (VALUE(LEFT(aps_equipes_esf!$A:$A,6))=VALUE(LEFT(B3,6)))*(aps_equipes_esf!$B:$B=C3), 0)), "")} -> 18 | L3: {=IFERROR(INDEX(casos!$C:$C, MATCH(1, (VALUE(LEFT(casos!$A:$A,6))=VALUE(LEFT(B3,6)))*(casos!$B:$B=C3), 0)), "")} -> 1009 | M3: {=IFERROR(INDEX(srag!$D:$D, MATCH(1, (VALUE(LEFT(srag!$A:$A,6))=VALUE(LEFT(B3,6)))*(srag!$C:$C=C3), 0)), "")} -> 62 | N3: {=IFERROR(INDEX(fesp!$E:$E, MATCH(1, (VALUE(LEFT(fesp!$A:$A,6))=VALUE(LEFT(B3,6)))*(fesp!$C:$C=C3), 0)), "")} -> 114 | O3: {=IFERROR(INDEX(fesp!$F:$F, MATCH(1, (VALUE(LEFT(fesp!$A:$A,6))=VALUE(LEFT(B3,6)))*(fesp!$C:$C=C3), 0)), "")} -> 2413 | P3: {=IFERROR(INDEX(fesp!$G:$G, MATCH(1, (VALUE(LEFT(fesp!$A:$A,6))=VALUE(LEFT(B3,6)))*(fesp!$C:$C=C3), 0)), "")} -> 4546321 | Q3: {=IFERROR(INDEX(fesp!$H:$H, MATCH(1, (VALUE(LEFT(fesp!$A:$A,6))=VALUE(LEFT(B3,6)))*(fesp!$C:$C=C3), 0)), "")} -> 39 | R3: {=IFERROR(INDEX(fesp!$I:$I, MATCH(1, (VALUE(LEFT(fesp!$A:$A,6))=VALUE(LEFT(B3,6)))*(fesp!$C:$C=C3), 0)), "")} -> 29870 | S3: {=IFERROR(INDEX(fesp!$J:$J, MATCH(1, (VALUE(LEFT(fesp!$A:$A,6))=VALUE(LEFT(B3,6)))*(fesp!$C:$C=C3), 0)), "")} -> 165475
A4: Porto Velho (RO) | B4: 1100205 | C4: 2017 | D4: {=IFERROR(INDEX(fesp!$D:$D, MATCH(1, (VALUE(LEFT(fesp!$A:$A,6))=VALUE(LEFT(B4,6)))*(fesp!$C:$C=C4), 0)), "")} -> 0 | E4: {=IFERROR(INDEX(ft_medicos_clinicos!$C:$C, MATCH(1, (VALUE(LEFT(ft_medicos_clinicos!$A:$A,6))=VALUE(LEFT(B4,6)))*(ft_medicos_clinicos!$B:$B=C4), 0)), "")} -> 322 | F4: {=IFERROR(INDEX(ft_enfermeiros!$C:$C, MATCH(1, (VALUE(LEFT(ft_enfermeiros!$A:$A,6))=VALUE(LEFT(B4,6)))*(ft_enfermeiros!$B:$B=C4), 0)), "")} -> 645 | G4: {=IFERROR(INDEX(ft_equipes_acs!$C:$C, MATCH(1, (VALUE(LEFT(ft_equipes_acs!$A:$A,6))=VALUE(LEFT(B4,6)))*(ft_equipes_acs!$B:$B=C4), 0)), "")} -> 1 | H4: {=IFERROR(INDEX(ci_leitos_internacao!$C:$C, MATCH(1, (VALUE(LEFT(ci_leitos_internacao!$A:$A,6))=VALUE(LEFT(B4,6)))*(ci_leitos_internacao!$B:$B=C4), 0)), "")} -> 1715 | I4: {=IFERROR(INDEX(ci_hospitais_internacao!$C:$C, MATCH(1, (VALUE(LEFT(ci_hospitais_internacao!$A:$A,6))=VALUE(LEFT(B4,6)))*(ci_hospitais_internacao!$B:$B=C4), 0)), "")} -> 6 | J4: {=IFERROR(INDEX(ci_pa_clinico!$C:$C, MATCH(1, (VALUE(LEFT(ci_pa_clinico!$A:$A,6))=VALUE(LEFT(B4,6)))*(ci_pa_clinico!$B:$B=C4), 0)), "")} -> 6 | K4: {=IFERROR(INDEX(aps_equipes_esf!$C:$C, MATCH(1, (VALUE(LEFT(aps_equipes_esf!$A:$A,6))=VALUE(LEFT(B4,6)))*(aps_equipes_esf!$B:$B=C4), 0)), "")} -> 24 | L4: {=IFERROR(INDEX(casos!$C:$C, MATCH(1, (VALUE(LEFT(casos!$A:$A,6))=VALUE(LEFT(B4,6)))*(casos!$B:$B=C4), 0)), "")} -> 357 | M4: {=IFERROR(INDEX(srag!$D:$D, MATCH(1, (VALUE(LEFT(srag!$A:$A,6))=VALUE(LEFT(B4,6)))*(srag!$C:$C=C4), 0)), "")} -> 10 | N4: {=IFERROR(INDEX(fesp!$E:$E, MATCH(1, (VALUE(LEFT(fesp!$A:$A,6))=VALUE(LEFT(B4,6)))*(fesp!$C:$C=C4), 0)), "")} -> 85 | O4: {=IFERROR(INDEX(fesp!$F:$F, MATCH(1, (VALUE(LEFT(fesp!$A:$A,6))=VALUE(LEFT(B4,6)))*(fesp!$C:$C=C4), 0)), "")} -> 892 | P4: {=IFERROR(INDEX(fesp!$G:$G, MATCH(1, (VALUE(LEFT(fesp!$A:$A,6))=VALUE(LEFT(B4,6)))*(fesp!$C:$C=C4), 0)), "")} -> 4765730 | Q4: {=IFERROR(INDEX(fesp!$H:$H, MATCH(1, (VALUE(LEFT(fesp!$A:$A,6))=VALUE(LEFT(B4,6)))*(fesp!$C:$C=C4), 0)), "")} -> 25 | R4: {=IFERROR(INDEX(fesp!$I:$I, MATCH(1, (VALUE(LEFT(fesp!$A:$A,6))=VALUE(LEFT(B4,6)))*(fesp!$C:$C=C4), 0)), "")} -> 24180 | S4: {=IFERROR(INDEX(fesp!$J:$J, MATCH(1, (VALUE(LEFT(fesp!$A:$A,6))=VALUE(LEFT(B4,6)))*(fesp!$C:$C=C4), 0)), "")} -> 85781
A5: Porto Velho (RO) | B5: 1100205 | C5: 2018 | D5: {=IFERROR(INDEX(fesp!$D:$D, MATCH(1, (VALUE(LEFT(fesp!$A:$A,6))=VALUE(LEFT(B5,6)))*(fesp!$C:$C=C5), 0)), "")} -> 0 | E5: {=IFERROR(INDEX(ft_medicos_clinicos!$C:$C, MATCH(1, (VALUE(LEFT(ft_medicos_clinicos!$A:$A,6))=VALUE(LEFT(B5,6)))*(ft_medicos_clinicos!$B:$B=C5), 0)), "")} -> 324 | F5: {=IFERROR(INDEX(ft_enfermeiros!$C:$C, MATCH(1, (VALUE(LEFT(ft_enfermeiros!$A:$A,6))=VALUE(LEFT(B5,6)))*(ft_enfermeiros!$B:$B=C5), 0)), "")} -> 706 | G5: {=IFERROR(INDEX(ft_equipes_acs!$C:$C, MATCH(1, (VALUE(LEFT(ft_equipes_acs!$A:$A,6))=VALUE(LEFT(B5,6)))*(ft_equipes_acs!$B:$B=C5), 0)), "")} -> - | H5: {=IFERROR(INDEX(ci_leitos_internacao!$C:$C, MATCH(1, (VALUE(LEFT(ci_leitos_internacao!$A:$A,6))=VALUE(LEFT(B5,6)))*(ci_leitos_internacao!$B:$B=C5), 0)), "")} -> 1772 | I5: {=IFERROR(INDEX(ci_hospitais_internacao!$C:$C, MATCH(1, (VALUE(LEFT(ci_hospitais_internacao!$A:$A,6))=VALUE(LEFT(B5,6)))*(ci_hospitais_internacao!$B:$B=C5), 0)), "")} -> 6 | J5: {=IFERROR(INDEX(ci_pa_clinico!$C:$C, MATCH(1, (VALUE(LEFT(ci_pa_clinico!$A:$A,6))=VALUE(LEFT(B5,6)))*(ci_pa_clinico!$B:$B=C5), 0)), "")} -> 6 | K5: {=IFERROR(INDEX(aps_equipes_esf!$C:$C, MATCH(1, (VALUE(LEFT(aps_equipes_esf!$A:$A,6))=VALUE(LEFT(B5,6)))*(aps_equipes_esf!$B:$B=C5), 0)), "")} -> 32 | L5: {=IFERROR(INDEX(casos!$C:$C, MATCH(1, (VALUE(LEFT(casos!$A:$A,6))=VALUE(LEFT(B5,6)))*(casos!$B:$B=C5), 0)), "")} -> 114 | M5: {=IFERROR(INDEX(srag!$D:$D, MATCH(1, (VALUE(LEFT(srag!$A:$A,6))=VALUE(LEFT(B5,6)))*(srag!$C:$C=C5), 0)), "")} -> 19 | N5: {=IFERROR(INDEX(fesp!$E:$E, MATCH(1, (VALUE(LEFT(fesp!$A:$A,6))=VALUE(LEFT(B5,6)))*(fesp!$C:$C=C5), 0)), "")} -> 96 | O5: {=IFERROR(INDEX(fesp!$F:$F, MATCH(1, (VALUE(LEFT(fesp!$A:$A,6))=VALUE(LEFT(B5,6)))*(fesp!$C:$C=C5), 0)), "")} -> 1480 | P5: {=IFERROR(INDEX(fesp!$G:$G, MATCH(1, (VALUE(LEFT(fesp!$A:$A,6))=VALUE(LEFT(B5,6)))*(fesp!$C:$C=C5), 0)), "")} -> 5243163 | Q5: {=IFERROR(INDEX(fesp!$H:$H, MATCH(1, (VALUE(LEFT(fesp!$A:$A,6))=VALUE(LEFT(B5,6)))*(fesp!$C:$C=C5), 0)), "")} -> 17 | R5: {=IFERROR(INDEX(fesp!$I:$I, MATCH(1, (VALUE(LEFT(fesp!$A:$A,6))=VALUE(LEFT(B5,6)))*(fesp!$C:$C=C5), 0)), "")} -> 7469 | S5: {=IFERROR(INDEX(fesp!$J:$J, MATCH(1, (VALUE(LEFT(fesp!$A:$A,6))=VALUE(LEFT(B5,6)))*(fesp!$C:$C=C5), 0)), "")} -> 1365
A6: Porto Velho (RO) | B6: 1100205 | C6: 2019 | D6: {=IFERROR(INDEX(fesp!$D:$D, MATCH(1, (VALUE(LEFT(fesp!$A:$A,6))=VALUE(LEFT(B6,6)))*(fesp!$C:$C=C6), 0)), "")} -> 0 | E6: {=IFERROR(INDEX(ft_medicos_clinicos!$C:$C, MATCH(1, (VALUE(LEFT(ft_medicos_clinicos!$A:$A,6))=VALUE(LEFT(B6,6)))*(ft_medicos_clinicos!$B:$B=C6), 0)), "")} -> 328 | F6: {=IFERROR(INDEX(ft_enfermeiros!$C:$C, MATCH(1, (VALUE(LEFT(ft_enfermeiros!$A:$A,6))=VALUE(LEFT(B6,6)))*(ft_enfermeiros!$B:$B=C6), 0)), "")} -> 785 | G6: {=IFERROR(INDEX(ft_equipes_acs!$C:$C, MATCH(1, (VALUE(LEFT(ft_equipes_acs!$A:$A,6))=VALUE(LEFT(B6,6)))*(ft_equipes_acs!$B:$B=C6), 0)), "")} -> - | H6: {=IFERROR(INDEX(ci_leitos_internacao!$C:$C, MATCH(1, (VALUE(LEFT(ci_leitos_internacao!$A:$A,6))=VALUE(LEFT(B6,6)))*(ci_leitos_internacao!$B:$B=C6), 0)), "")} -> 1851 | I6: {=IFERROR(INDEX(ci_hospitais_internacao!$C:$C, MATCH(1, (VALUE(LEFT(ci_hospitais_internacao!$A:$A,6))=VALUE(LEFT(B6,6)))*(ci_hospitais_internacao!$B:$B=C6), 0)), "")} -> 8 | J6: {=IFERROR(INDEX(ci_pa_clinico!$C:$C, MATCH(1, (VALUE(LEFT(ci_pa_clinico!$A:$A,6))=VALUE(LEFT(B6,6)))*(ci_pa_clinico!$B:$B=C6), 0)), "")} -> 6 | K6: {=IFERROR(INDEX(aps_equipes_esf!$C:$C, MATCH(1, (VALUE(LEFT(aps_equipes_esf!$A:$A,6))=VALUE(LEFT(B6,6)))*(aps_equipes_esf!$B:$B=C6), 0)), "")} -> 28 | L6: {=IFERROR(INDEX(casos!$C:$C, MATCH(1, (VALUE(LEFT(casos!$A:$A,6))=VALUE(LEFT(B6,6)))*(casos!$B:$B=C6), 0)), "")} -> 181 | M6: {=IFERROR(INDEX(srag!$D:$D, MATCH(1, (VALUE(LEFT(srag!$A:$A,6))=VALUE(LEFT(B6,6)))*(srag!$C:$C=C6), 0)), "")} -> 63 | N6: {=IFERROR(INDEX(fesp!$E:$E, MATCH(1, (VALUE(LEFT(fesp!$A:$A,6))=VALUE(LEFT(B6,6)))*(fesp!$C:$C=C6), 0)), "")} -> 116 | O6: {=IFERROR(INDEX(fesp!$F:$F, MATCH(1, (VALUE(LEFT(fesp!$A:$A,6))=VALUE(LEFT(B6,6)))*(fesp!$C:$C=C6), 0)), "")} -> 2950 | P6: {=IFERROR(INDEX(fesp!$G:$G, MATCH(1, (VALUE(LEFT(fesp!$A:$A,6))=VALUE(LEFT(B6,6)))*(fesp!$C:$C=C6), 0)), "")} -> 5397213 | Q6: {=IFERROR(INDEX(fesp!$H:$H, MATCH(1, (VALUE(LEFT(fesp!$A:$A,6))=VALUE(LEFT(B6,6)))*(fesp!$C:$C=C6), 0)), "")} -> 26 | R6: {=IFERROR(INDEX(fesp!$I:$I, MATCH(1, (VALUE(LEFT(fesp!$A:$A,6))=VALUE(LEFT(B6,6)))*(fesp!$C:$C=C6), 0)), "")} -> 6023 | S6: {=IFERROR(INDEX(fesp!$J:$J, MATCH(1, (VALUE(LEFT(fesp!$A:$A,6))=VALUE(LEFT(B6,6)))*(fesp!$C:$C=C6), 0)), "")} -> 210
A7: Porto Velho (RO) | B7: 1100205 | C7: 2020 | D7: {=IFERROR(INDEX(fesp!$D:$D, MATCH(1, (VALUE(LEFT(fesp!$A:$A,6))=VALUE(LEFT(B7,6)))*(fesp!$C:$C=C7), 0)), "")} -> 0 | E7: {=IFERROR(INDEX(ft_medicos_clinicos!$C:$C, MATCH(1, (VALUE(LEFT(ft_medicos_clinicos!$A:$A,6))=VALUE(LEFT(B7,6)))*(ft_medicos_clinicos!$B:$B=C7), 0)), "")} -> 421 | F7: {=IFERROR(INDEX(ft_enfermeiros!$C:$C, MATCH(1, (VALUE(LEFT(ft_enfermeiros!$A:$A,6))=VALUE(LEFT(B7,6)))*(ft_enfermeiros!$B:$B=C7), 0)), "")} -> 1041 | G7: {=IFERROR(INDEX(ft_equipes_acs!$C:$C, MATCH(1, (VALUE(LEFT(ft_equipes_acs!$A:$A,6))=VALUE(LEFT(B7,6)))*(ft_equipes_acs!$B:$B=C7), 0)), "")} -> - | H7: {=IFERROR(INDEX(ci_leitos_internacao!$C:$C, MATCH(1, (VALUE(LEFT(ci_leitos_internacao!$A:$A,6))=VALUE(LEFT(B7,6)))*(ci_leitos_internacao!$B:$B=C7), 0)), "")} -> 1871 | I7: {=IFERROR(INDEX(ci_hospitais_internacao!$C:$C, MATCH(1, (VALUE(LEFT(ci_hospitais_internacao!$A:$A,6))=VALUE(LEFT(B7,6)))*(ci_hospitais_internacao!$B:$B=C7), 0)), "")} -> 7 | J7: {=IFERROR(INDEX(ci_pa_clinico!$C:$C, MATCH(1, (VALUE(LEFT(ci_pa_clinico!$A:$A,6))=VALUE(LEFT(B7,6)))*(ci_pa_clinico!$B:$B=C7), 0)), "")} -> 6 | K7: {=IFERROR(INDEX(aps_equipes_esf!$C:$C, MATCH(1, (VALUE(LEFT(aps_equipes_esf!$A:$A,6))=VALUE(LEFT(B7,6)))*(aps_equipes_esf!$B:$B=C7), 0)), "")} -> 3 | L7: {=IFERROR(INDEX(casos!$C:$C, MATCH(1, (VALUE(LEFT(casos!$A:$A,6))=VALUE(LEFT(B7,6)))*(casos!$B:$B=C7), 0)), "")} -> 309 | M7: {=IFERROR(INDEX(srag!$D:$D, MATCH(1, (VALUE(LEFT(srag!$A:$A,6))=VALUE(LEFT(B7,6)))*(srag!$C:$C=C7), 0)), "")} -> 3483 | N7: {=IFERROR(INDEX(fesp!$E:$E, MATCH(1, (VALUE(LEFT(fesp!$A:$A,6))=VALUE(LEFT(B7,6)))*(fesp!$C:$C=C7), 0)), "")} -> 227 | O7: {=IFERROR(INDEX(fesp!$F:$F, MATCH(1, (VALUE(LEFT(fesp!$A:$A,6))=VALUE(LEFT(B7,6)))*(fesp!$C:$C=C7), 0)), "")} -> 1155 | P7: {=IFERROR(INDEX(fesp!$G:$G, MATCH(1, (VALUE(LEFT(fesp!$A:$A,6))=VALUE(LEFT(B7,6)))*(fesp!$C:$C=C7), 0)), "")} -> 4105324 | Q7: {=IFERROR(INDEX(fesp!$H:$H, MATCH(1, (VALUE(LEFT(fesp!$A:$A,6))=VALUE(LEFT(B7,6)))*(fesp!$C:$C=C7), 0)), "")} -> 71 | R7: {=IFERROR(INDEX(fesp!$I:$I, MATCH(1, (VALUE(LEFT(fesp!$A:$A,6))=VALUE(LEFT(B7,6)))*(fesp!$C:$C=C7), 0)), "")} -> 3322 | S7: {=IFERROR(INDEX(fesp!$J:$J, MATCH(1, (VALUE(LEFT(fesp!$A:$A,6))=VALUE(LEFT(B7,6)))*(fesp!$C:$C=C7), 0)), "")} -> 0
A8: Porto Velho (RO) | B8: 1100205 | C8: 2021 | D8: {=IFERROR(INDEX(fesp!$D:$D, MATCH(1, (VALUE(LEFT(fesp!$A:$A,6))=VALUE(LEFT(B8,6)))*(fesp!$C:$C=C8), 0)), "")} -> 0 | E8: {=IFERROR(INDEX(ft_medicos_clinicos!$C:$C, MATCH(1, (VALUE(LEFT(ft_medicos_clinicos!$A:$A,6))=VALUE(LEFT(B8,6)))*(ft_medicos_clinicos!$B:$B=C8), 0)), "")} -> 467 | F8: {=IFERROR(INDEX(ft_enfermeiros!$C:$C, MATCH(1, (VALUE(LEFT(ft_enfermeiros!$A:$A,6))=VALUE(LEFT(B8,6)))*(ft_enfermeiros!$B:$B=C8), 0)), "")} -> 1078 | G8: {=IFERROR(INDEX(ft_equipes_acs!$C:$C, MATCH(1, (VALUE(LEFT(ft_equipes_acs!$A:$A,6))=VALUE(LEFT(B8,6)))*(ft_equipes_acs!$B:$B=C8), 0)), "")} -> - | H8: {=IFERROR(INDEX(ci_leitos_internacao!$C:$C, MATCH(1, (VALUE(LEFT(ci_leitos_internacao!$A:$A,6))=VALUE(LEFT(B8,6)))*(ci_leitos_internacao!$B:$B=C8), 0)), "")} -> 1887 | I8: {=IFERROR(INDEX(ci_hospitais_internacao!$C:$C, MATCH(1, (VALUE(LEFT(ci_hospitais_internacao!$A:$A,6))=VALUE(LEFT(B8,6)))*(ci_hospitais_internacao!$B:$B=C8), 0)), "")} -> 8 | J8: {=IFERROR(INDEX(ci_pa_clinico!$C:$C, MATCH(1, (VALUE(LEFT(ci_pa_clinico!$A:$A,6))=VALUE(LEFT(B8,6)))*(ci_pa_clinico!$B:$B=C8), 0)), "")} -> 6 | K8: {=IFERROR(INDEX(aps_equipes_esf!$C:$C, MATCH(1, (VALUE(LEFT(aps_equipes_esf!$A:$A,6))=VALUE(LEFT(B8,6)))*(aps_equipes_esf!$B:$B=C8), 0)), "")} -> 2 | L8: {=IFERROR(INDEX(casos!$C:$C, MATCH(1, (VALUE(LEFT(casos!$A:$A,6))=VALUE(LEFT(B8,6)))*(casos!$B:$B=C8), 0)), "")} -> 212 | M8: {=IFERROR(INDEX(srag!$D:$D, MATCH(1, (VALUE(LEFT(srag!$A:$A,6))=VALUE(LEFT(B8,6)))*(srag!$C:$C=C8), 0)), "")} -> 6682 | N8: {=IFERROR(INDEX(fesp!$E:$E, MATCH(1, (VALUE(LEFT(fesp!$A:$A,6))=VALUE(LEFT(B8,6)))*(fesp!$C:$C=C8), 0)), "")} -> 277 | O8: {=IFERROR(INDEX(fesp!$F:$F, MATCH(1, (VALUE(LEFT(fesp!$A:$A,6))=VALUE(LEFT(B8,6)))*(fesp!$C:$C=C8), 0)), "")} -> 1441 | P8: {=IFERROR(INDEX(fesp!$G:$G, MATCH(1, (VALUE(LEFT(fesp!$A:$A,6))=VALUE(LEFT(B8,6)))*(fesp!$C:$C=C8), 0)), "")} -> 5205099 | Q8: {=IFERROR(INDEX(fesp!$H:$H, MATCH(1, (VALUE(LEFT(fesp!$A:$A,6))=VALUE(LEFT(B8,6)))*(fesp!$C:$C=C8), 0)), "")} -> 53 | R8: {=IFERROR(INDEX(fesp!$I:$I, MATCH(1, (VALUE(LEFT(fesp!$A:$A,6))=VALUE(LEFT(B8,6)))*(fesp!$C:$C=C8), 0)), "")} -> 1893 | S8: {=IFERROR(INDEX(fesp!$J:$J, MATCH(1, (VALUE(LEFT(fesp!$A:$A,6))=VALUE(LEFT(B8,6)))*(fesp!$C:$C=C8), 0)), "")} -> 0
A9: Porto Velho (RO) | B9: 1100205 | C9: 2022 | D9: {=IFERROR(INDEX(fesp!$D:$D, MATCH(1, (VALUE(LEFT(fesp!$A:$A,6))=VALUE(LEFT(B9,6)))*(fesp!$C:$C=C9), 0)), "")} -> 460434 | E9: {=IFERROR(INDEX(ft_medicos_clinicos!$C:$C, MATCH(1, (VALUE(LEFT(ft_medicos_clinicos!$A:$A,6))=VALUE(LEFT(B9,6)))*(ft_medicos_clinicos!$B:$B=C9), 0)), "")} -> 460 | F9: {=IFERROR(INDEX(ft_enfermeiros!$C:$C, MATCH(1, (VALUE(LEFT(ft_enfermeiros!$A:$A,6))=VALUE(LEFT(B9,6)))*(ft_enfermeiros!$B:$B=C9), 0)), "")} -> 1090 | G9: {=IFERROR(INDEX(ft_equipes_acs!$C:$C, MATCH(1, (VALUE(LEFT(ft_equipes_acs!$A:$A,6))=VALUE(LEFT(B9,6)))*(ft_equipes_acs!$B:$B=C9), 0)), "")} -> - | H9: {=IFERROR(INDEX(ci_leitos_internacao!$C:$C, MATCH(1, (VALUE(LEFT(ci_leitos_internacao!$A:$A,6))=VALUE(LEFT(B9,6)))*(ci_leitos_internacao!$B:$B=C9), 0)), "")} -> 1899 | I9: {=IFERROR(INDEX(ci_hospitais_internacao!$C:$C, MATCH(1, (VALUE(LEFT(ci_hospitais_internacao!$A:$A,6))=VALUE(LEFT(B9,6)))*(ci_hospitais_internacao!$B:$B=C9), 0)), "")} -> 7 | J9: {=IFERROR(INDEX(ci_pa_clinico!$C:$C, MATCH(1, (VALUE(LEFT(ci_pa_clinico!$A:$A,6))=VALUE(LEFT(B9,6)))*(ci_pa_clinico!$B:$B=C9), 0)), "")} -> 6 | K9: {=IFERROR(INDEX(aps_equipes_esf!$C:$C, MATCH(1, (VALUE(LEFT(aps_equipes_esf!$A:$A,6))=VALUE(LEFT(B9,6)))*(aps_equipes_esf!$B:$B=C9), 0)), "")} -> 2 | L9: {=IFERROR(INDEX(casos!$C:$C, MATCH(1, (VALUE(LEFT(casos!$A:$A,6))=VALUE(LEFT(B9,6)))*(casos!$B:$B=C9), 0)), "")} -> 2021 | M9: {=IFERROR(INDEX(srag!$D:$D, MATCH(1, (VALUE(LEFT(srag!$A:$A,6))=VALUE(LEFT(B9,6)))*(srag!$C:$C=C9), 0)), "")} -> 1270 | N9: {=IFERROR(INDEX(fesp!$E:$E, MATCH(1, (VALUE(LEFT(fesp!$A:$A,6))=VALUE(LEFT(B9,6)))*(fesp!$C:$C=C9), 0)), "")} -> 153 | O9: {=IFERROR(INDEX(fesp!$F:$F, MATCH(1, (VALUE(LEFT(fesp!$A:$A,6))=VALUE(LEFT(B9,6)))*(fesp!$C:$C=C9), 0)), "")} -> 1874 | P9: {=IFERROR(INDEX(fesp!$G:$G, MATCH(1, (VALUE(LEFT(fesp!$A:$A,6))=VALUE(LEFT(B9,6)))*(fesp!$C:$C=C9), 0)), "")} -> 5880989 | Q9: {=IFERROR(INDEX(fesp!$H:$H, MATCH(1, (VALUE(LEFT(fesp!$A:$A,6))=VALUE(LEFT(B9,6)))*(fesp!$C:$C=C9), 0)), "")} -> 51 | R9: {=IFERROR(INDEX(fesp!$I:$I, MATCH(1, (VALUE(LEFT(fesp!$A:$A,6))=VALUE(LEFT(B9,6)))*(fesp!$C:$C=C9), 0)), "")} -> 4957 | S9: {=IFERROR(INDEX(fesp!$J:$J, MATCH(1, (VALUE(LEFT(fesp!$A:$A,6))=VALUE(LEFT(B9,6)))*(fesp!$C:$C=C9), 0)), "")} -> 1
A10: Porto Velho (RO) | B10: 1100205 | C10: 2023 | D10: {=IFERROR(INDEX(fesp!$D:$D, MATCH(1, (VALUE(LEFT(fesp!$A:$A,6))=VALUE(LEFT(B10,6)))*(fesp!$C:$C=C10), 0)), "")} -> 0 | E10: {=IFERROR(INDEX(ft_medicos_clinicos!$C:$C, MATCH(1, (VALUE(LEFT(ft_medicos_clinicos!$A:$A,6))=VALUE(LEFT(B10,6)))*(ft_medicos_clinicos!$B:$B=C10), 0)), "")} -> 474 | F10: {=IFERROR(INDEX(ft_enfermeiros!$C:$C, MATCH(1, (VALUE(LEFT(ft_enfermeiros!$A:$A,6))=VALUE(LEFT(B10,6)))*(ft_enfermeiros!$B:$B=C10), 0)), "")} -> 1179 | G10: {=IFERROR(INDEX(ft_equipes_acs!$C:$C, MATCH(1, (VALUE(LEFT(ft_equipes_acs!$A:$A,6))=VALUE(LEFT(B10,6)))*(ft_equipes_acs!$B:$B=C10), 0)), "")} -> - | H10: {=IFERROR(INDEX(ci_leitos_internacao!$C:$C, MATCH(1, (VALUE(LEFT(ci_leitos_internacao!$A:$A,6))=VALUE(LEFT(B10,6)))*(ci_leitos_internacao!$B:$B=C10), 0)), "")} -> 1892 | I10: {=IFERROR(INDEX(ci_hospitais_internacao!$C:$C, MATCH(1, (VALUE(LEFT(ci_hospitais_internacao!$A:$A,6))=VALUE(LEFT(B10,6)))*(ci_hospitais_internacao!$B:$B=C10), 0)), "")} -> 7 | J10: {=IFERROR(INDEX(ci_pa_clinico!$C:$C, MATCH(1, (VALUE(LEFT(ci_pa_clinico!$A:$A,6))=VALUE(LEFT(B10,6)))*(ci_pa_clinico!$B:$B=C10), 0)), "")} -> 6 | K10: {=IFERROR(INDEX(aps_equipes_esf!$C:$C, MATCH(1, (VALUE(LEFT(aps_equipes_esf!$A:$A,6))=VALUE(LEFT(B10,6)))*(aps_equipes_esf!$B:$B=C10), 0)), "")} -> 2 | L10: {=IFERROR(INDEX(casos!$C:$C, MATCH(1, (VALUE(LEFT(casos!$A:$A,6))=VALUE(LEFT(B10,6)))*(casos!$B:$B=C10), 0)), "")} -> 1160 | M10: {=IFERROR(INDEX(srag!$D:$D, MATCH(1, (VALUE(LEFT(srag!$A:$A,6))=VALUE(LEFT(B10,6)))*(srag!$C:$C=C10), 0)), "")} -> 642 | N10: {=IFERROR(INDEX(fesp!$E:$E, MATCH(1, (VALUE(LEFT(fesp!$A:$A,6))=VALUE(LEFT(B10,6)))*(fesp!$C:$C=C10), 0)), "")} -> 173 | O10: {=IFERROR(INDEX(fesp!$F:$F, MATCH(1, (VALUE(LEFT(fesp!$A:$A,6))=VALUE(LEFT(B10,6)))*(fesp!$C:$C=C10), 0)), "")} -> 1880 | P10: {=IFERROR(INDEX(fesp!$G:$G, MATCH(1, (VALUE(LEFT(fesp!$A:$A,6))=VALUE(LEFT(B10,6)))*(fesp!$C:$C=C10), 0)), "")} -> 5655048 | Q10: {=IFERROR(INDEX(fesp!$H:$H, MATCH(1, (VALUE(LEFT(fesp!$A:$A,6))=VALUE(LEFT(B10,6)))*(fesp!$C:$C=C10), 0)), "")} -> 28 | R10: {=IFERROR(INDEX(fesp!$I:$I, MATCH(1, (VALUE(LEFT(fesp!$A:$A,6))=VALUE(LEFT(B10,6)))*(fesp!$C:$C=C10), 0)), "")} -> 5489 | S10: {=IFERROR(INDEX(fesp!$J:$J, MATCH(1, (VALUE(LEFT(fesp!$A:$A,6))=VALUE(LEFT(B10,6)))*(fesp!$C:$C=C10), 0)), "")} -> 0
A11: Porto Velho (RO) | B11: 1100205 | C11: 2024 | D11: {=IFERROR(INDEX(fesp!$D:$D, MATCH(1, (VALUE(LEFT(fesp!$A:$A,6))=VALUE(LEFT(B11,6)))*(fesp!$C:$C=C11), 0)), "")} -> 0 | E11: {=IFERROR(INDEX(ft_medicos_clinicos!$C:$C, MATCH(1, (VALUE(LEFT(ft_medicos_clinicos!$A:$A,6))=VALUE(LEFT(B11,6)))*(ft_medicos_clinicos!$B:$B=C11), 0)), "")} -> 550 | F11: {=IFERROR(INDEX(ft_enfermeiros!$C:$C, MATCH(1, (VALUE(LEFT(ft_enfermeiros!$A:$A,6))=VALUE(LEFT(B11,6)))*(ft_enfermeiros!$B:$B=C11), 0)), "")} -> 1130 | G11: {=IFERROR(INDEX(ft_equipes_acs!$C:$C, MATCH(1, (VALUE(LEFT(ft_equipes_acs!$A:$A,6))=VALUE(LEFT(B11,6)))*(ft_equipes_acs!$B:$B=C11), 0)), "")} -> - | H11: {=IFERROR(INDEX(ci_leitos_internacao!$C:$C, MATCH(1, (VALUE(LEFT(ci_leitos_internacao!$A:$A,6))=VALUE(LEFT(B11,6)))*(ci_leitos_internacao!$B:$B=C11), 0)), "")} -> 1909 | I11: {=IFERROR(INDEX(ci_hospitais_internacao!$C:$C, MATCH(1, (VALUE(LEFT(ci_hospitais_internacao!$A:$A,6))=VALUE(LEFT(B11,6)))*(ci_hospitais_internacao!$B:$B=C11), 0)), "")} -> 9 | J11: {=IFERROR(INDEX(ci_pa_clinico!$C:$C, MATCH(1, (VALUE(LEFT(ci_pa_clinico!$A:$A,6))=VALUE(LEFT(B11,6)))*(ci_pa_clinico!$B:$B=C11), 0)), "")} -> 6 | K11: {=IFERROR(INDEX(aps_equipes_esf!$C:$C, MATCH(1, (VALUE(LEFT(aps_equipes_esf!$A:$A,6))=VALUE(LEFT(B11,6)))*(aps_equipes_esf!$B:$B=C11), 0)), "")} -> 2 | L11: {=IFERROR(INDEX(casos!$C:$C, MATCH(1, (VALUE(LEFT(casos!$A:$A,6))=VALUE(LEFT(B11,6)))*(casos!$B:$B=C11), 0)), "")} -> 613 | M11: {=IFERROR(INDEX(srag!$D:$D, MATCH(1, (VALUE(LEFT(srag!$A:$A,6))=VALUE(LEFT(B11,6)))*(srag!$C:$C=C11), 0)), "")} -> 719 | N11: {=IFERROR(INDEX(fesp!$E:$E, MATCH(1, (VALUE(LEFT(fesp!$A:$A,6))=VALUE(LEFT(B11,6)))*(fesp!$C:$C=C11), 0)), "")} -> 110 | O11: {=IFERROR(INDEX(fesp!$F:$F, MATCH(1, (VALUE(LEFT(fesp!$A:$A,6))=VALUE(LEFT(B11,6)))*(fesp!$C:$C=C11), 0)), "")} -> 2923 | P11: {=IFERROR(INDEX(fesp!$G:$G, MATCH(1, (VALUE(LEFT(fesp!$A:$A,6))=VALUE(LEFT(B11,6)))*(fesp!$C:$C=C11), 0)), "")} -> 6506314 | Q11: {=IFERROR(INDEX(fesp!$H:$H, MATCH(1, (VALUE(LEFT(fesp!$A:$A,6))=VALUE(LEFT(B11,6)))*(fesp!$C:$C=C11), 0)), "")} -> 20 | R11: {=IFERROR(INDEX(fesp!$I:$I, MATCH(1, (VALUE(LEFT(fesp!$A:$A,6))=VALUE(LEFT(B11,6)))*(fesp!$C:$C=C11), 0)), "")} -> 5907 | S11: {=IFERROR(INDEX(fesp!$J:$J, MATCH(1, (VALUE(LEFT(fesp!$A:$A,6))=VALUE(LEFT(B11,6)))*(fesp!$C:$C=C11), 0)), "")} -> 1
A12: Porto Velho (RO) | B12: 1100205 | C12: 2025 | D12: {=IFERROR(INDEX(fesp!$D:$D, MATCH(1, (VALUE(LEFT(fesp!$A:$A,6))=VALUE(LEFT(B12,6)))*(fesp!$C:$C=C12), 0)), "")} -> 0 | E12: {=IFERROR(INDEX(ft_medicos_clinicos!$C:$C, MATCH(1, (VALUE(LEFT(ft_medicos_clinicos!$A:$A,6))=VALUE(LEFT(B12,6)))*(ft_medicos_clinicos!$B:$B=C12), 0)), "")} -> 607 | F12: {=IFERROR(INDEX(ft_enfermeiros!$C:$C, MATCH(1, (VALUE(LEFT(ft_enfermeiros!$A:$A,6))=VALUE(LEFT(B12,6)))*(ft_enfermeiros!$B:$B=C12), 0)), "")} -> 1145 | G12: {=IFERROR(INDEX(ft_equipes_acs!$C:$C, MATCH(1, (VALUE(LEFT(ft_equipes_acs!$A:$A,6))=VALUE(LEFT(B12,6)))*(ft_equipes_acs!$B:$B=C12), 0)), "")} -> - | H12: {=IFERROR(INDEX(ci_leitos_internacao!$C:$C, MATCH(1, (VALUE(LEFT(ci_leitos_internacao!$A:$A,6))=VALUE(LEFT(B12,6)))*(ci_leitos_internacao!$B:$B=C12), 0)), "")} -> 1967 | I12: {=IFERROR(INDEX(ci_hospitais_internacao!$C:$C, MATCH(1, (VALUE(LEFT(ci_hospitais_internacao!$A:$A,6))=VALUE(LEFT(B12,6)))*(ci_hospitais_internacao!$B:$B=C12), 0)), "")} -> 12 | J12: {=IFERROR(INDEX(ci_pa_clinico!$C:$C, MATCH(1, (VALUE(LEFT(ci_pa_clinico!$A:$A,6))=VALUE(LEFT(B12,6)))*(ci_pa_clinico!$B:$B=C12), 0)), "")} -> 6 | K12: {=IFERROR(INDEX(aps_equipes_esf!$C:$C, MATCH(1, (VALUE(LEFT(aps_equipes_esf!$A:$A,6))=VALUE(LEFT(B12,6)))*(aps_equipes_esf!$B:$B=C12), 0)), "")} -> 2 | L12: {=IFERROR(INDEX(casos!$C:$C, MATCH(1, (VALUE(LEFT(casos!$A:$A,6))=VALUE(LEFT(B12,6)))*(casos!$B:$B=C12), 0)), "")} -> 211 | M12: {=IFERROR(INDEX(srag!$D:$D, MATCH(1, (VALUE(LEFT(srag!$A:$A,6))=VALUE(LEFT(B12,6)))*(srag!$C:$C=C12), 0)), "")} -> 812 | N12: {=IFERROR(INDEX(fesp!$E:$E, MATCH(1, (VALUE(LEFT(fesp!$A:$A,6))=VALUE(LEFT(B12,6)))*(fesp!$C:$C=C12), 0)), "")} -> 79 | O12: {=IFERROR(INDEX(fesp!$F:$F, MATCH(1, (VALUE(LEFT(fesp!$A:$A,6))=VALUE(LEFT(B12,6)))*(fesp!$C:$C=C12), 0)), "")} -> 6053 | P12: {=IFERROR(INDEX(fesp!$G:$G, MATCH(1, (VALUE(LEFT(fesp!$A:$A,6))=VALUE(LEFT(B12,6)))*(fesp!$C:$C=C12), 0)), "")} -> 5348012 | Q12: {=IFERROR(INDEX(fesp!$H:$H, MATCH(1, (VALUE(LEFT(fesp!$A:$A,6))=VALUE(LEFT(B12,6)))*(fesp!$C:$C=C12), 0)), "")} -> 34 | R12: {=IFERROR(INDEX(fesp!$I:$I, MATCH(1, (VALUE(LEFT(fesp!$A:$A,6))=VALUE(LEFT(B12,6)))*(fesp!$C:$C=C12), 0)), "")} -> 1401 | S12: {=IFERROR(INDEX(fesp!$J:$J, MATCH(1, (VALUE(LEFT(fesp!$A:$A,6))=VALUE(LEFT(B12,6)))*(fesp!$C:$C=C12), 0)), "")} -> 0
A13: Manaus (AM) | B13: 1302603 | C13: 2015 | D13: {=IFERROR(INDEX(fesp!$D:$D, MATCH(1, (VALUE(LEFT(fesp!$A:$A,6))=VALUE(LEFT(B13,6)))*(fesp!$C:$C=C13), 0)), "")} -> 2057711 | E13: {=IFERROR(INDEX(ft_medicos_clinicos!$C:$C, MATCH(1, (VALUE(LEFT(ft_medicos_clinicos!$A:$A,6))=VALUE(LEFT(B13,6)))*(ft_medicos_clinicos!$B:$B=C13), 0)), "")} -> 660 | F13: {=IFERROR(INDEX(ft_enfermeiros!$C:$C, MATCH(1, (VALUE(LEFT(ft_enfermeiros!$A:$A,6))=VALUE(LEFT(B13,6)))*(ft_enfermeiros!$B:$B=C13), 0)), "")} -> 1521 | G13: {=IFERROR(INDEX(ft_equipes_acs!$C:$C, MATCH(1, (VALUE(LEFT(ft_equipes_acs!$A:$A,6))=VALUE(LEFT(B13,6)))*(ft_equipes_acs!$B:$B=C13), 0)), "")} | H13: {=IFERROR(INDEX(ci_leitos_internacao!$C:$C, MATCH(1, (VALUE(LEFT(ci_leitos_internacao!$A:$A,6))=VALUE(LEFT(B13,6)))*(ci_leitos_internacao!$B:$B=C13), 0)), "")} -> 3425 | I13: {=IFERROR(INDEX(ci_hospitais_internacao!$C:$C, MATCH(1, (VALUE(LEFT(ci_hospitais_internacao!$A:$A,6))=VALUE(LEFT(B13,6)))*(ci_hospitais_internacao!$B:$B=C13), 0)), "")} -> 14 | J13: {=IFERROR(INDEX(ci_pa_clinico!$C:$C, MATCH(1, (VALUE(LEFT(ci_pa_clinico!$A:$A,6))=VALUE(LEFT(B13,6)))*(ci_pa_clinico!$B:$B=C13), 0)), "")} | K13: {=IFERROR(INDEX(aps_equipes_esf!$C:$C, MATCH(1, (VALUE(LEFT(aps_equipes_esf!$A:$A,6))=VALUE(LEFT(B13,6)))*(aps_equipes_esf!$B:$B=C13), 0)), "")} -> 111 | L13: {=IFERROR(INDEX(casos!$C:$C, MATCH(1, (VALUE(LEFT(casos!$A:$A,6))=VALUE(LEFT(B13,6)))*(casos!$B:$B=C13), 0)), "")} -> 1620 | M13: {=IFERROR(INDEX(srag!$D:$D, MATCH(1, (VALUE(LEFT(srag!$A:$A,6))=VALUE(LEFT(B13,6)))*(srag!$C:$C=C13), 0)), "")} -> 36 | N13: {=IFERROR(INDEX(fesp!$E:$E, MATCH(1, (VALUE(LEFT(fesp!$A:$A,6))=VALUE(LEFT(B13,6)))*(fesp!$C:$C=C13), 0)), "")} -> 649 | O13: {=IFERROR(INDEX(fesp!$F:$F, MATCH(1, (VALUE(LEFT(fesp!$A:$A,6))=VALUE(LEFT(B13,6)))*(fesp!$C:$C=C13), 0)), "")} -> 18779 | P13: {=IFERROR(INDEX(fesp!$G:$G, MATCH(1, (VALUE(LEFT(fesp!$A:$A,6))=VALUE(LEFT(B13,6)))*(fesp!$C:$C=C13), 0)), "")} -> 15325905 | Q13: {=IFERROR(INDEX(fesp!$H:$H, MATCH(1, (VALUE(LEFT(fesp!$A:$A,6))=VALUE(LEFT(B13,6)))*(fesp!$C:$C=C13), 0)), "")} -> 471 | R13: {=IFERROR(INDEX(fesp!$I:$I, MATCH(1, (VALUE(LEFT(fesp!$A:$A,6))=VALUE(LEFT(B13,6)))*(fesp!$C:$C=C13), 0)), "")} -> 98777 | S13: {=IFERROR(INDEX(fesp!$J:$J, MATCH(1, (VALUE(LEFT(fesp!$A:$A,6))=VALUE(LEFT(B13,6)))*(fesp!$C:$C=C13), 0)), "")} -> 1016036
A14: Manaus (AM) | B14: 1302603 | C14: 2016 | D14: {=IFERROR(INDEX(fesp!$D:$D, MATCH(1, (VALUE(LEFT(fesp!$A:$A,6))=VALUE(LEFT(B14,6)))*(fesp!$C:$C=C14), 0)), "")} -> 0 | E14: {=IFERROR(INDEX(ft_medicos_clinicos!$C:$C, MATCH(1, (VALUE(LEFT(ft_medicos_clinicos!$A:$A,6))=VALUE(LEFT(B14,6)))*(ft_medicos_clinicos!$B:$B=C14), 0)), "")} -> 686 | F14: {=IFERROR(INDEX(ft_enfermeiros!$C:$C, MATCH(1, (VALUE(LEFT(ft_enfermeiros!$A:$A,6))=VALUE(LEFT(B14,6)))*(ft_enfermeiros!$B:$B=C14), 0)), "")} -> 1451 | G14: {=IFERROR(INDEX(ft_equipes_acs!$C:$C, MATCH(1, (VALUE(LEFT(ft_equipes_acs!$A:$A,6))=VALUE(LEFT(B14,6)))*(ft_equipes_acs!$B:$B=C14), 0)), "")} | H14: {=IFERROR(INDEX(ci_leitos_internacao!$C:$C, MATCH(1, (VALUE(LEFT(ci_leitos_internacao!$A:$A,6))=VALUE(LEFT(B14,6)))*(ci_leitos_internacao!$B:$B=C14), 0)), "")} -> 3482 | I14: {=IFERROR(INDEX(ci_hospitais_internacao!$C:$C, MATCH(1, (VALUE(LEFT(ci_hospitais_internacao!$A:$A,6))=VALUE(LEFT(B14,6)))*(ci_hospitais_internacao!$B:$B=C14), 0)), "")} -> 11 | J14: {=IFERROR(INDEX(ci_pa_clinico!$C:$C, MATCH(1, (VALUE(LEFT(ci_pa_clinico!$A:$A,6))=VALUE(LEFT(B14,6)))*(ci_pa_clinico!$B:$B=C14), 0)), "")} | K14: {=IFERROR(INDEX(aps_equipes_esf!$C:$C, MATCH(1, (VALUE(LEFT(aps_equipes_esf!$A:$A,6))=VALUE(LEFT(B14,6)))*(aps_equipes_esf!$B:$B=C14), 0)), "")} -> 120 | L14: {=IFERROR(INDEX(casos!$C:$C, MATCH(1, (VALUE(LEFT(casos!$A:$A,6))=VALUE(LEFT(B14,6)))*(casos!$B:$B=C14), 0)), "")} -> 5359 | M14: {=IFERROR(INDEX(srag!$D:$D, MATCH(1, (VALUE(LEFT(srag!$A:$A,6))=VALUE(LEFT(B14,6)))*(srag!$C:$C=C14), 0)), "")} -> 132 | N14: {=IFERROR(INDEX(fesp!$E:$E, MATCH(1, (VALUE(LEFT(fesp!$A:$A,6))=VALUE(LEFT(B14,6)))*(fesp!$C:$C=C14), 0)), "")} -> 697 | O14: {=IFERROR(INDEX(fesp!$F:$F, MATCH(1, (VALUE(LEFT(fesp!$A:$A,6))=VALUE(LEFT(B14,6)))*(fesp!$C:$C=C14), 0)), "")} -> 20256 | P14: {=IFERROR(INDEX(fesp!$G:$G, MATCH(1, (VALUE(LEFT(fesp!$A:$A,6))=VALUE(LEFT(B14,6)))*(fesp!$C:$C=C14), 0)), "")} -> 15059115 | Q14: {=IFERROR(INDEX(fesp!$H:$H, MATCH(1, (VALUE(LEFT(fesp!$A:$A,6))=VALUE(LEFT(B14,6)))*(fesp!$C:$C=C14), 0)), "")} -> 495 | R14: {=IFERROR(INDEX(fesp!$I:$I, MATCH(1, (VALUE(LEFT(fesp!$A:$A,6))=VALUE(LEFT(B14,6)))*(fesp!$C:$C=C14), 0)), "")} -> 170116 | S14: {=IFERROR(INDEX(fesp!$J:$J, MATCH(1, (VALUE(LEFT(fesp!$A:$A,6))=VALUE(LEFT(B14,6)))*(fesp!$C:$C=C14), 0)), "")} -> 1138916
A15: Manaus (AM) | B15: 1302603 | C15: 2017 | D15: {=IFERROR(INDEX(fesp!$D:$D, MATCH(1, (VALUE(LEFT(fesp!$A:$A,6))=VALUE(LEFT(B15,6)))*(fesp!$C:$C=C15), 0)), "")} -> 0 | E15: {=IFERROR(INDEX(ft_medicos_clinicos!$C:$C, MATCH(1, (VALUE(LEFT(ft_medicos_clinicos!$A:$A,6))=VALUE(LEFT(B15,6)))*(ft_medicos_clinicos!$B:$B=C15), 0)), "")} -> 714 | F15: {=IFERROR(INDEX(ft_enfermeiros!$C:$C, MATCH(1, (VALUE(LEFT(ft_enfermeiros!$A:$A,6))=VALUE(LEFT(B15,6)))*(ft_enfermeiros!$B:$B=C15), 0)), "")} -> 1877 | G15: {=IFERROR(INDEX(ft_equipes_acs!$C:$C, MATCH(1, (VALUE(LEFT(ft_equipes_acs!$A:$A,6))=VALUE(LEFT(B15,6)))*(ft_equipes_acs!$B:$B=C15), 0)), "")} | H15: {=IFERROR(INDEX(ci_leitos_internacao!$C:$C, MATCH(1, (VALUE(LEFT(ci_leitos_internacao!$A:$A,6))=VALUE(LEFT(B15,6)))*(ci_leitos_internacao!$B:$B=C15), 0)), "")} -> 3453 | I15: {=IFERROR(INDEX(ci_hospitais_internacao!$C:$C, MATCH(1, (VALUE(LEFT(ci_hospitais_internacao!$A:$A,6))=VALUE(LEFT(B15,6)))*(ci_hospitais_internacao!$B:$B=C15), 0)), "")} -> 11 | J15: {=IFERROR(INDEX(ci_pa_clinico!$C:$C, MATCH(1, (VALUE(LEFT(ci_pa_clinico!$A:$A,6))=VALUE(LEFT(B15,6)))*(ci_pa_clinico!$B:$B=C15), 0)), "")} | K15: {=IFERROR(INDEX(aps_equipes_esf!$C:$C, MATCH(1, (VALUE(LEFT(aps_equipes_esf!$A:$A,6))=VALUE(LEFT(B15,6)))*(aps_equipes_esf!$B:$B=C15), 0)), "")} -> 115 | L15: {=IFERROR(INDEX(casos!$C:$C, MATCH(1, (VALUE(LEFT(casos!$A:$A,6))=VALUE(LEFT(B15,6)))*(casos!$B:$B=C15), 0)), "")} -> 2554 | M15: {=IFERROR(INDEX(srag!$D:$D, MATCH(1, (VALUE(LEFT(srag!$A:$A,6))=VALUE(LEFT(B15,6)))*(srag!$C:$C=C15), 0)), "")} -> 487 | N15: {=IFERROR(INDEX(fesp!$E:$E, MATCH(1, (VALUE(LEFT(fesp!$A:$A,6))=VALUE(LEFT(B15,6)))*(fesp!$C:$C=C15), 0)), "")} -> 551 | O15: {=IFERROR(INDEX(fesp!$F:$F, MATCH(1, (VALUE(LEFT(fesp!$A:$A,6))=VALUE(LEFT(B15,6)))*(fesp!$C:$C=C15), 0)), "")} -> 21578 | P15: {=IFERROR(INDEX(fesp!$G:$G, MATCH(1, (VALUE(LEFT(fesp!$A:$A,6))=VALUE(LEFT(B15,6)))*(fesp!$C:$C=C15), 0)), "")} -> 15386998 | Q15: {=IFERROR(INDEX(fesp!$H:$H, MATCH(1, (VALUE(LEFT(fesp!$A:$A,6))=VALUE(LEFT(B15,6)))*(fesp!$C:$C=C15), 0)), "")} -> 449 | R15: {=IFERROR(INDEX(fesp!$I:$I, MATCH(1, (VALUE(LEFT(fesp!$A:$A,6))=VALUE(LEFT(B15,6)))*(fesp!$C:$C=C15), 0)), "")} -> 140573 | S15: {=IFERROR(INDEX(fesp!$J:$J, MATCH(1, (VALUE(LEFT(fesp!$A:$A,6))=VALUE(LEFT(B15,6)))*(fesp!$C:$C=C15), 0)), "")} -> 900600
A16: Manaus (AM) | B16: 1302603 | C16: 2018 | D16: {=IFERROR(INDEX(fesp!$D:$D, MATCH(1, (VALUE(LEFT(fesp!$A:$A,6))=VALUE(LEFT(B16,6)))*(fesp!$C:$C=C16), 0)), "")} -> 0 | E16: {=IFERROR(INDEX(ft_medicos_clinicos!$C:$C, MATCH(1, (VALUE(LEFT(ft_medicos_clinicos!$A:$A,6))=VALUE(LEFT(B16,6)))*(ft_medicos_clinicos!$B:$B=C16), 0)), "")} -> 738 | F16: {=IFERROR(INDEX(ft_enfermeiros!$C:$C, MATCH(1, (VALUE(LEFT(ft_enfermeiros!$A:$A,6))=VALUE(LEFT(B16,6)))*(ft_enfermeiros!$B:$B=C16), 0)), "")} -> 2063 | G16: {=IFERROR(INDEX(ft_equipes_acs!$C:$C, MATCH(1, (VALUE(LEFT(ft_equipes_acs!$A:$A,6))=VALUE(LEFT(B16,6)))*(ft_equipes_acs!$B:$B=C16), 0)), "")} | H16: {=IFERROR(INDEX(ci_leitos_internacao!$C:$C, MATCH(1, (VALUE(LEFT(ci_leitos_internacao!$A:$A,6))=VALUE(LEFT(B16,6)))*(ci_leitos_internacao!$B:$B=C16), 0)), "")} -> 3425 | I16: {=IFERROR(INDEX(ci_hospitais_internacao!$C:$C, MATCH(1, (VALUE(LEFT(ci_hospitais_internacao!$A:$A,6))=VALUE(LEFT(B16,6)))*(ci_hospitais_internacao!$B:$B=C16), 0)), "")} -> 11 | J16: {=IFERROR(INDEX(ci_pa_clinico!$C:$C, MATCH(1, (VALUE(LEFT(ci_pa_clinico!$A:$A,6))=VALUE(LEFT(B16,6)))*(ci_pa_clinico!$B:$B=C16), 0)), "")} | K16: {=IFERROR(INDEX(aps_equipes_esf!$C:$C, MATCH(1, (VALUE(LEFT(aps_equipes_esf!$A:$A,6))=VALUE(LEFT(B16,6)))*(aps_equipes_esf!$B:$B=C16), 0)), "")} -> 124 | L16: {=IFERROR(INDEX(casos!$C:$C, MATCH(1, (VALUE(LEFT(casos!$A:$A,6))=VALUE(LEFT(B16,6)))*(casos!$B:$B=C16), 0)), "")} -> 1303 | M16: {=IFERROR(INDEX(srag!$D:$D, MATCH(1, (VALUE(LEFT(srag!$A:$A,6))=VALUE(LEFT(B16,6)))*(srag!$C:$C=C16), 0)), "")} -> 230 | N16: {=IFERROR(INDEX(fesp!$E:$E, MATCH(1, (VALUE(LEFT(fesp!$A:$A,6))=VALUE(LEFT(B16,6)))*(fesp!$C:$C=C16), 0)), "")} -> 702 | O16: {=IFERROR(INDEX(fesp!$F:$F, MATCH(1, (VALUE(LEFT(fesp!$A:$A,6))=VALUE(LEFT(B16,6)))*(fesp!$C:$C=C16), 0)), "")} -> 21114 | P16: {=IFERROR(INDEX(fesp!$G:$G, MATCH(1, (VALUE(LEFT(fesp!$A:$A,6))=VALUE(LEFT(B16,6)))*(fesp!$C:$C=C16), 0)), "")} -> 14543338 | Q16: {=IFERROR(INDEX(fesp!$H:$H, MATCH(1, (VALUE(LEFT(fesp!$A:$A,6))=VALUE(LEFT(B16,6)))*(fesp!$C:$C=C16), 0)), "")} -> 399 | R16: {=IFERROR(INDEX(fesp!$I:$I, MATCH(1, (VALUE(LEFT(fesp!$A:$A,6))=VALUE(LEFT(B16,6)))*(fesp!$C:$C=C16), 0)), "")} -> 69709 | S16: {=IFERROR(INDEX(fesp!$J:$J, MATCH(1, (VALUE(LEFT(fesp!$A:$A,6))=VALUE(LEFT(B16,6)))*(fesp!$C:$C=C16), 0)), "")} -> 760578
A17: Manaus (AM) | B17: 1302603 | C17: 2019 | D17: {=IFERROR(INDEX(fesp!$D:$D, MATCH(1, (VALUE(LEFT(fesp!$A:$A,6))=VALUE(LEFT(B17,6)))*(fesp!$C:$C=C17), 0)), "")} -> 0 | E17: {=IFERROR(INDEX(ft_medicos_clinicos!$C:$C, MATCH(1, (VALUE(LEFT(ft_medicos_clinicos!$A:$A,6))=VALUE(LEFT(B17,6)))*(ft_medicos_clinicos!$B:$B=C17), 0)), "")} -> 903 | F17: {=IFERROR(INDEX(ft_enfermeiros!$C:$C, MATCH(1, (VALUE(LEFT(ft_enfermeiros!$A:$A,6))=VALUE(LEFT(B17,6)))*(ft_enfermeiros!$B:$B=C17), 0)), "")} -> 2041 | G17: {=IFERROR(INDEX(ft_equipes_acs!$C:$C, MATCH(1, (VALUE(LEFT(ft_equipes_acs!$A:$A,6))=VALUE(LEFT(B17,6)))*(ft_equipes_acs!$B:$B=C17), 0)), "")} | H17: {=IFERROR(INDEX(ci_leitos_internacao!$C:$C, MATCH(1, (VALUE(LEFT(ci_leitos_internacao!$A:$A,6))=VALUE(LEFT(B17,6)))*(ci_leitos_internacao!$B:$B=C17), 0)), "")} -> 3338 | I17: {=IFERROR(INDEX(ci_hospitais_internacao!$C:$C, MATCH(1, (VALUE(LEFT(ci_hospitais_internacao!$A:$A,6))=VALUE(LEFT(B17,6)))*(ci_hospitais_internacao!$B:$B=C17), 0)), "")} -> 11 | J17: {=IFERROR(INDEX(ci_pa_clinico!$C:$C, MATCH(1, (VALUE(LEFT(ci_pa_clinico!$A:$A,6))=VALUE(LEFT(B17,6)))*(ci_pa_clinico!$B:$B=C17), 0)), "")} | K17: {=IFERROR(INDEX(aps_equipes_esf!$C:$C, MATCH(1, (VALUE(LEFT(aps_equipes_esf!$A:$A,6))=VALUE(LEFT(B17,6)))*(aps_equipes_esf!$B:$B=C17), 0)), "")} -> 127 | L17: {=IFERROR(INDEX(casos!$C:$C, MATCH(1, (VALUE(LEFT(casos!$A:$A,6))=VALUE(LEFT(B17,6)))*(casos!$B:$B=C17), 0)), "")} -> 477 | M17: {=IFERROR(INDEX(srag!$D:$D, MATCH(1, (VALUE(LEFT(srag!$A:$A,6))=VALUE(LEFT(B17,6)))*(srag!$C:$C=C17), 0)), "")} -> 1608 | N17: {=IFERROR(INDEX(fesp!$E:$E, MATCH(1, (VALUE(LEFT(fesp!$A:$A,6))=VALUE(LEFT(B17,6)))*(fesp!$C:$C=C17), 0)), "")} -> 522 | O17: {=IFERROR(INDEX(fesp!$F:$F, MATCH(1, (VALUE(LEFT(fesp!$A:$A,6))=VALUE(LEFT(B17,6)))*(fesp!$C:$C=C17), 0)), "")} -> 20016 | P17: {=IFERROR(INDEX(fesp!$G:$G, MATCH(1, (VALUE(LEFT(fesp!$A:$A,6))=VALUE(LEFT(B17,6)))*(fesp!$C:$C=C17), 0)), "")} -> 15110985 | Q17: {=IFERROR(INDEX(fesp!$H:$H, MATCH(1, (VALUE(LEFT(fesp!$A:$A,6))=VALUE(LEFT(B17,6)))*(fesp!$C:$C=C17), 0)), "")} -> 481 | R17: {=IFERROR(INDEX(fesp!$I:$I, MATCH(1, (VALUE(LEFT(fesp!$A:$A,6))=VALUE(LEFT(B17,6)))*(fesp!$C:$C=C17), 0)), "")} -> 46200 | S17: {=IFERROR(INDEX(fesp!$J:$J, MATCH(1, (VALUE(LEFT(fesp!$A:$A,6))=VALUE(LEFT(B17,6)))*(fesp!$C:$C=C17), 0)), "")} -> 356420
A18: Manaus (AM) | B18: 1302603 | C18: 2020 | D18: {=IFERROR(INDEX(fesp!$D:$D, MATCH(1, (VALUE(LEFT(fesp!$A:$A,6))=VALUE(LEFT(B18,6)))*(fesp!$C:$C=C18), 0)), "")} -> 0 | E18: {=IFERROR(INDEX(ft_medicos_clinicos!$C:$C, MATCH(1, (VALUE(LEFT(ft_medicos_clinicos!$A:$A,6))=VALUE(LEFT(B18,6)))*(ft_medicos_clinicos!$B:$B=C18), 0)), "")} -> 980 | F18: {=IFERROR(INDEX(ft_enfermeiros!$C:$C, MATCH(1, (VALUE(LEFT(ft_enfermeiros!$A:$A,6))=VALUE(LEFT(B18,6)))*(ft_enfermeiros!$B:$B=C18), 0)), "")} -> 2679 | G18: {=IFERROR(INDEX(ft_equipes_acs!$C:$C, MATCH(1, (VALUE(LEFT(ft_equipes_acs!$A:$A,6))=VALUE(LEFT(B18,6)))*(ft_equipes_acs!$B:$B=C18), 0)), "")} | H18: {=IFERROR(INDEX(ci_leitos_internacao!$C:$C, MATCH(1, (VALUE(LEFT(ci_leitos_internacao!$A:$A,6))=VALUE(LEFT(B18,6)))*(ci_leitos_internacao!$B:$B=C18), 0)), "")} -> 3389 | I18: {=IFERROR(INDEX(ci_hospitais_internacao!$C:$C, MATCH(1, (VALUE(LEFT(ci_hospitais_internacao!$A:$A,6))=VALUE(LEFT(B18,6)))*(ci_hospitais_internacao!$B:$B=C18), 0)), "")} -> 11 | J18: {=IFERROR(INDEX(ci_pa_clinico!$C:$C, MATCH(1, (VALUE(LEFT(ci_pa_clinico!$A:$A,6))=VALUE(LEFT(B18,6)))*(ci_pa_clinico!$B:$B=C18), 0)), "")} | K18: {=IFERROR(INDEX(aps_equipes_esf!$C:$C, MATCH(1, (VALUE(LEFT(aps_equipes_esf!$A:$A,6))=VALUE(LEFT(B18,6)))*(aps_equipes_esf!$B:$B=C18), 0)), "")} -> - | L18: {=IFERROR(INDEX(casos!$C:$C, MATCH(1, (VALUE(LEFT(casos!$A:$A,6))=VALUE(LEFT(B18,6)))*(casos!$B:$B=C18), 0)), "")} -> 959 | M18: {=IFERROR(INDEX(srag!$D:$D, MATCH(1, (VALUE(LEFT(srag!$A:$A,6))=VALUE(LEFT(B18,6)))*(srag!$C:$C=C18), 0)), "")} -> 15281 | N18: {=IFERROR(INDEX(fesp!$E:$E, MATCH(1, (VALUE(LEFT(fesp!$A:$A,6))=VALUE(LEFT(B18,6)))*(fesp!$C:$C=C18), 0)), "")} -> 545 | O18: {=IFERROR(INDEX(fesp!$F:$F, MATCH(1, (VALUE(LEFT(fesp!$A:$A,6))=VALUE(LEFT(B18,6)))*(fesp!$C:$C=C18), 0)), "")} -> 13304 | P18: {=IFERROR(INDEX(fesp!$G:$G, MATCH(1, (VALUE(LEFT(fesp!$A:$A,6))=VALUE(LEFT(B18,6)))*(fesp!$C:$C=C18), 0)), "")} -> 11358728 | Q18: {=IFERROR(INDEX(fesp!$H:$H, MATCH(1, (VALUE(LEFT(fesp!$A:$A,6))=VALUE(LEFT(B18,6)))*(fesp!$C:$C=C18), 0)), "")} -> 501 | R18: {=IFERROR(INDEX(fesp!$I:$I, MATCH(1, (VALUE(LEFT(fesp!$A:$A,6))=VALUE(LEFT(B18,6)))*(fesp!$C:$C=C18), 0)), "")} -> 6335 | S18: {=IFERROR(INDEX(fesp!$J:$J, MATCH(1, (VALUE(LEFT(fesp!$A:$A,6))=VALUE(LEFT(B18,6)))*(fesp!$C:$C=C18), 0)), "")} -> 56062
A19: Manaus (AM) | B19: 1302603 | C19: 2021 | D19: {=IFERROR(INDEX(fesp!$D:$D, MATCH(1, (VALUE(LEFT(fesp!$A:$A,6))=VALUE(LEFT(B19,6)))*(fesp!$C:$C=C19), 0)), "")} -> 0 | E19: {=IFERROR(INDEX(ft_medicos_clinicos!$C:$C, MATCH(1, (VALUE(LEFT(ft_medicos_clinicos!$A:$A,6))=VALUE(LEFT(B19,6)))*(ft_medicos_clinicos!$B:$B=C19), 0)), "")} -> 1146 | F19: {=IFERROR(INDEX(ft_enfermeiros!$C:$C, MATCH(1, (VALUE(LEFT(ft_enfermeiros!$A:$A,6))=VALUE(LEFT(B19,6)))*(ft_enfermeiros!$B:$B=C19), 0)), "")} -> 3094 | G19: {=IFERROR(INDEX(ft_equipes_acs!$C:$C, MATCH(1, (VALUE(LEFT(ft_equipes_acs!$A:$A,6))=VALUE(LEFT(B19,6)))*(ft_equipes_acs!$B:$B=C19), 0)), "")} | H19: {=IFERROR(INDEX(ci_leitos_internacao!$C:$C, MATCH(1, (VALUE(LEFT(ci_leitos_internacao!$A:$A,6))=VALUE(LEFT(B19,6)))*(ci_leitos_internacao!$B:$B=C19), 0)), "")} -> 3607 | I19: {=IFERROR(INDEX(ci_hospitais_internacao!$C:$C, MATCH(1, (VALUE(LEFT(ci_hospitais_internacao!$A:$A,6))=VALUE(LEFT(B19,6)))*(ci_hospitais_internacao!$B:$B=C19), 0)), "")} -> 11 | J19: {=IFERROR(INDEX(ci_pa_clinico!$C:$C, MATCH(1, (VALUE(LEFT(ci_pa_clinico!$A:$A,6))=VALUE(LEFT(B19,6)))*(ci_pa_clinico!$B:$B=C19), 0)), "")} | K19: {=IFERROR(INDEX(aps_equipes_esf!$C:$C, MATCH(1, (VALUE(LEFT(aps_equipes_esf!$A:$A,6))=VALUE(LEFT(B19,6)))*(aps_equipes_esf!$B:$B=C19), 0)), "")} -> - | L19: {=IFERROR(INDEX(casos!$C:$C, MATCH(1, (VALUE(LEFT(casos!$A:$A,6))=VALUE(LEFT(B19,6)))*(casos!$B:$B=C19), 0)), "")} -> 4016 | M19: {=IFERROR(INDEX(srag!$D:$D, MATCH(1, (VALUE(LEFT(srag!$A:$A,6))=VALUE(LEFT(B19,6)))*(srag!$C:$C=C19), 0)), "")} -> 18437 | N19: {=IFERROR(INDEX(fesp!$E:$E, MATCH(1, (VALUE(LEFT(fesp!$A:$A,6))=VALUE(LEFT(B19,6)))*(fesp!$C:$C=C19), 0)), "")} -> 903 | O19: {=IFERROR(INDEX(fesp!$F:$F, MATCH(1, (VALUE(LEFT(fesp!$A:$A,6))=VALUE(LEFT(B19,6)))*(fesp!$C:$C=C19), 0)), "")} -> 12771 | P19: {=IFERROR(INDEX(fesp!$G:$G, MATCH(1, (VALUE(LEFT(fesp!$A:$A,6))=VALUE(LEFT(B19,6)))*(fesp!$C:$C=C19), 0)), "")} -> 13395881 | Q19: {=IFERROR(INDEX(fesp!$H:$H, MATCH(1, (VALUE(LEFT(fesp!$A:$A,6))=VALUE(LEFT(B19,6)))*(fesp!$C:$C=C19), 0)), "")} -> 458 | R19: {=IFERROR(INDEX(fesp!$I:$I, MATCH(1, (VALUE(LEFT(fesp!$A:$A,6))=VALUE(LEFT(B19,6)))*(fesp!$C:$C=C19), 0)), "")} -> 1964 | S19: {=IFERROR(INDEX(fesp!$J:$J, MATCH(1, (VALUE(LEFT(fesp!$A:$A,6))=VALUE(LEFT(B19,6)))*(fesp!$C:$C=C19), 0)), "")} -> 17747
A20: Manaus (AM) | B20: 1302603 | C20: 2022 | D20: {=IFERROR(INDEX(fesp!$D:$D, MATCH(1, (VALUE(LEFT(fesp!$A:$A,6))=VALUE(LEFT(B20,6)))*(fesp!$C:$C=C20), 0)), "")} -> 2063689 | E20: {=IFERROR(INDEX(ft_medicos_clinicos!$C:$C, MATCH(1, (VALUE(LEFT(ft_medicos_clinicos!$A:$A,6))=VALUE(LEFT(B20,6)))*(ft_medicos_clinicos!$B:$B=C20), 0)), "")} -> 1270 | F20: {=IFERROR(INDEX(ft_enfermeiros!$C:$C, MATCH(1, (VALUE(LEFT(ft_enfermeiros!$A:$A,6))=VALUE(LEFT(B20,6)))*(ft_enfermeiros!$B:$B=C20), 0)), "")} -> 3232 | G20: {=IFERROR(INDEX(ft_equipes_acs!$C:$C, MATCH(1, (VALUE(LEFT(ft_equipes_acs!$A:$A,6))=VALUE(LEFT(B20,6)))*(ft_equipes_acs!$B:$B=C20), 0)), "")} | H20: {=IFERROR(INDEX(ci_leitos_internacao!$C:$C, MATCH(1, (VALUE(LEFT(ci_leitos_internacao!$A:$A,6))=VALUE(LEFT(B20,6)))*(ci_leitos_internacao!$B:$B=C20), 0)), "")} -> 3648 | I20: {=IFERROR(INDEX(ci_hospitais_internacao!$C:$C, MATCH(1, (VALUE(LEFT(ci_hospitais_internacao!$A:$A,6))=VALUE(LEFT(B20,6)))*(ci_hospitais_internacao!$B:$B=C20), 0)), "")} -> 12 | J20: {=IFERROR(INDEX(ci_pa_clinico!$C:$C, MATCH(1, (VALUE(LEFT(ci_pa_clinico!$A:$A,6))=VALUE(LEFT(B20,6)))*(ci_pa_clinico!$B:$B=C20), 0)), "")} | K20: {=IFERROR(INDEX(aps_equipes_esf!$C:$C, MATCH(1, (VALUE(LEFT(aps_equipes_esf!$A:$A,6))=VALUE(LEFT(B20,6)))*(aps_equipes_esf!$B:$B=C20), 0)), "")} -> - | L20: {=IFERROR(INDEX(casos!$C:$C, MATCH(1, (VALUE(LEFT(casos!$A:$A,6))=VALUE(LEFT(B20,6)))*(casos!$B:$B=C20), 0)), "")} -> 1197 | M20: {=IFERROR(INDEX(srag!$D:$D, MATCH(1, (VALUE(LEFT(srag!$A:$A,6))=VALUE(LEFT(B20,6)))*(srag!$C:$C=C20), 0)), "")} -> 4170 | N20: {=IFERROR(INDEX(fesp!$E:$E, MATCH(1, (VALUE(LEFT(fesp!$A:$A,6))=VALUE(LEFT(B20,6)))*(fesp!$C:$C=C20), 0)), "")} -> 952 | O20: {=IFERROR(INDEX(fesp!$F:$F, MATCH(1, (VALUE(LEFT(fesp!$A:$A,6))=VALUE(LEFT(B20,6)))*(fesp!$C:$C=C20), 0)), "")} -> 14630 | P20: {=IFERROR(INDEX(fesp!$G:$G, MATCH(1, (VALUE(LEFT(fesp!$A:$A,6))=VALUE(LEFT(B20,6)))*(fesp!$C:$C=C20), 0)), "")} -> 15598169 | Q20: {=IFERROR(INDEX(fesp!$H:$H, MATCH(1, (VALUE(LEFT(fesp!$A:$A,6))=VALUE(LEFT(B20,6)))*(fesp!$C:$C=C20), 0)), "")} -> 416 | R20: {=IFERROR(INDEX(fesp!$I:$I, MATCH(1, (VALUE(LEFT(fesp!$A:$A,6))=VALUE(LEFT(B20,6)))*(fesp!$C:$C=C20), 0)), "")} -> 845 | S20: {=IFERROR(INDEX(fesp!$J:$J, MATCH(1, (VALUE(LEFT(fesp!$A:$A,6))=VALUE(LEFT(B20,6)))*(fesp!$C:$C=C20), 0)), "")} -> 10301
A21: Manaus (AM) | B21: 1302603 | C21: 2023 | D21: {=IFERROR(INDEX(fesp!$D:$D, MATCH(1, (VALUE(LEFT(fesp!$A:$A,6))=VALUE(LEFT(B21,6)))*(fesp!$C:$C=C21), 0)), "")} -> 0 | E21: {=IFERROR(INDEX(ft_medicos_clinicos!$C:$C, MATCH(1, (VALUE(LEFT(ft_medicos_clinicos!$A:$A,6))=VALUE(LEFT(B21,6)))*(ft_medicos_clinicos!$B:$B=C21), 0)), "")} -> 1313 | F21: {=IFERROR(INDEX(ft_enfermeiros!$C:$C, MATCH(1, (VALUE(LEFT(ft_enfermeiros!$A:$A,6))=VALUE(LEFT(B21,6)))*(ft_enfermeiros!$B:$B=C21), 0)), "")} -> 3946 | G21: {=IFERROR(INDEX(ft_equipes_acs!$C:$C, MATCH(1, (VALUE(LEFT(ft_equipes_acs!$A:$A,6))=VALUE(LEFT(B21,6)))*(ft_equipes_acs!$B:$B=C21), 0)), "")} | H21: {=IFERROR(INDEX(ci_leitos_internacao!$C:$C, MATCH(1, (VALUE(LEFT(ci_leitos_internacao!$A:$A,6))=VALUE(LEFT(B21,6)))*(ci_leitos_internacao!$B:$B=C21), 0)), "")} -> 3715 | I21: {=IFERROR(INDEX(ci_hospitais_internacao!$C:$C, MATCH(1, (VALUE(LEFT(ci_hospitais_internacao!$A:$A,6))=VALUE(LEFT(B21,6)))*(ci_hospitais_internacao!$B:$B=C21), 0)), "")} -> 12 | J21: {=IFERROR(INDEX(ci_pa_clinico!$C:$C, MATCH(1, (VALUE(LEFT(ci_pa_clinico!$A:$A,6))=VALUE(LEFT(B21,6)))*(ci_pa_clinico!$B:$B=C21), 0)), "")} | K21: {=IFERROR(INDEX(aps_equipes_esf!$C:$C, MATCH(1, (VALUE(LEFT(aps_equipes_esf!$A:$A,6))=VALUE(LEFT(B21,6)))*(aps_equipes_esf!$B:$B=C21), 0)), "")} -> - | L21: {=IFERROR(INDEX(casos!$C:$C, MATCH(1, (VALUE(LEFT(casos!$A:$A,6))=VALUE(LEFT(B21,6)))*(casos!$B:$B=C21), 0)), "")} -> 1172 | M21: {=IFERROR(INDEX(srag!$D:$D, MATCH(1, (VALUE(LEFT(srag!$A:$A,6))=VALUE(LEFT(B21,6)))*(srag!$C:$C=C21), 0)), "")} -> 2409 | N21: {=IFERROR(INDEX(fesp!$E:$E, MATCH(1, (VALUE(LEFT(fesp!$A:$A,6))=VALUE(LEFT(B21,6)))*(fesp!$C:$C=C21), 0)), "")} -> 972 | O21: {=IFERROR(INDEX(fesp!$F:$F, MATCH(1, (VALUE(LEFT(fesp!$A:$A,6))=VALUE(LEFT(B21,6)))*(fesp!$C:$C=C21), 0)), "")} -> 22494 | P21: {=IFERROR(INDEX(fesp!$G:$G, MATCH(1, (VALUE(LEFT(fesp!$A:$A,6))=VALUE(LEFT(B21,6)))*(fesp!$C:$C=C21), 0)), "")} -> 16240672 | Q21: {=IFERROR(INDEX(fesp!$H:$H, MATCH(1, (VALUE(LEFT(fesp!$A:$A,6))=VALUE(LEFT(B21,6)))*(fesp!$C:$C=C21), 0)), "")} -> 415 | R21: {=IFERROR(INDEX(fesp!$I:$I, MATCH(1, (VALUE(LEFT(fesp!$A:$A,6))=VALUE(LEFT(B21,6)))*(fesp!$C:$C=C21), 0)), "")} -> 787 | S21: {=IFERROR(INDEX(fesp!$J:$J, MATCH(1, (VALUE(LEFT(fesp!$A:$A,6))=VALUE(LEFT(B21,6)))*(fesp!$C:$C=C21), 0)), "")} -> 20724
A22: Manaus (AM) | B22: 1302603 | C22: 2024 | D22: {=IFERROR(INDEX(fesp!$D:$D, MATCH(1, (VALUE(LEFT(fesp!$A:$A,6))=VALUE(LEFT(B22,6)))*(fesp!$C:$C=C22), 0)), "")} -> 0 | E22: {=IFERROR(INDEX(ft_medicos_clinicos!$C:$C, MATCH(1, (VALUE(LEFT(ft_medicos_clinicos!$A:$A,6))=VALUE(LEFT(B22,6)))*(ft_medicos_clinicos!$B:$B=C22), 0)), "")} -> 1423 | F22: {=IFERROR(INDEX(ft_enfermeiros!$C:$C, MATCH(1, (VALUE(LEFT(ft_enfermeiros!$A:$A,6))=VALUE(LEFT(B22,6)))*(ft_enfermeiros!$B:$B=C22), 0)), "")} -> 3716 | G22: {=IFERROR(INDEX(ft_equipes_acs!$C:$C, MATCH(1, (VALUE(LEFT(ft_equipes_acs!$A:$A,6))=VALUE(LEFT(B22,6)))*(ft_equipes_acs!$B:$B=C22), 0)), "")} | H22: {=IFERROR(INDEX(ci_leitos_internacao!$C:$C, MATCH(1, (VALUE(LEFT(ci_leitos_internacao!$A:$A,6))=VALUE(LEFT(B22,6)))*(ci_leitos_internacao!$B:$B=C22), 0)), "")} -> 3959 | I22: {=IFERROR(INDEX(ci_hospitais_internacao!$C:$C, MATCH(1, (VALUE(LEFT(ci_hospitais_internacao!$A:$A,6))=VALUE(LEFT(B22,6)))*(ci_hospitais_internacao!$B:$B=C22), 0)), "")} -> 13 | J22: {=IFERROR(INDEX(ci_pa_clinico!$C:$C, MATCH(1, (VALUE(LEFT(ci_pa_clinico!$A:$A,6))=VALUE(LEFT(B22,6)))*(ci_pa_clinico!$B:$B=C22), 0)), "")} | K22: {=IFERROR(INDEX(aps_equipes_esf!$C:$C, MATCH(1, (VALUE(LEFT(aps_equipes_esf!$A:$A,6))=VALUE(LEFT(B22,6)))*(aps_equipes_esf!$B:$B=C22), 0)), "")} -> - | L22: {=IFERROR(INDEX(casos!$C:$C, MATCH(1, (VALUE(LEFT(casos!$A:$A,6))=VALUE(LEFT(B22,6)))*(casos!$B:$B=C22), 0)), "")} -> 2606 | M22: {=IFERROR(INDEX(srag!$D:$D, MATCH(1, (VALUE(LEFT(srag!$A:$A,6))=VALUE(LEFT(B22,6)))*(srag!$C:$C=C22), 0)), "")} -> 2313 | N22: {=IFERROR(INDEX(fesp!$E:$E, MATCH(1, (VALUE(LEFT(fesp!$A:$A,6))=VALUE(LEFT(B22,6)))*(fesp!$C:$C=C22), 0)), "")} -> 792 | O22: {=IFERROR(INDEX(fesp!$F:$F, MATCH(1, (VALUE(LEFT(fesp!$A:$A,6))=VALUE(LEFT(B22,6)))*(fesp!$C:$C=C22), 0)), "")} -> 26000 | P22: {=IFERROR(INDEX(fesp!$G:$G, MATCH(1, (VALUE(LEFT(fesp!$A:$A,6))=VALUE(LEFT(B22,6)))*(fesp!$C:$C=C22), 0)), "")} -> 17718719 | Q22: {=IFERROR(INDEX(fesp!$H:$H, MATCH(1, (VALUE(LEFT(fesp!$A:$A,6))=VALUE(LEFT(B22,6)))*(fesp!$C:$C=C22), 0)), "")} -> 387 | R22: {=IFERROR(INDEX(fesp!$I:$I, MATCH(1, (VALUE(LEFT(fesp!$A:$A,6))=VALUE(LEFT(B22,6)))*(fesp!$C:$C=C22), 0)), "")} -> 3058 | S22: {=IFERROR(INDEX(fesp!$J:$J, MATCH(1, (VALUE(LEFT(fesp!$A:$A,6))=VALUE(LEFT(B22,6)))*(fesp!$C:$C=C22), 0)), "")} -> 2573497
A23: Manaus (AM) | B23: 1302603 | C23: 2025 | D23: {=IFERROR(INDEX(fesp!$D:$D, MATCH(1, (VALUE(LEFT(fesp!$A:$A,6))=VALUE(LEFT(B23,6)))*(fesp!$C:$C=C23), 0)), "")} -> 0 | E23: {=IFERROR(INDEX(ft_medicos_clinicos!$C:$C, MATCH(1, (VALUE(LEFT(ft_medicos_clinicos!$A:$A,6))=VALUE(LEFT(B23,6)))*(ft_medicos_clinicos!$B:$B=C23), 0)), "")} -> 1843 | F23: {=IFERROR(INDEX(ft_enfermeiros!$C:$C, MATCH(1, (VALUE(LEFT(ft_enfermeiros!$A:$A,6))=VALUE(LEFT(B23,6)))*(ft_enfermeiros!$B:$B=C23), 0)), "")} -> 3879 | G23: {=IFERROR(INDEX(ft_equipes_acs!$C:$C, MATCH(1, (VALUE(LEFT(ft_equipes_acs!$A:$A,6))=VALUE(LEFT(B23,6)))*(ft_equipes_acs!$B:$B=C23), 0)), "")} | H23: {=IFERROR(INDEX(ci_leitos_internacao!$C:$C, MATCH(1, (VALUE(LEFT(ci_leitos_internacao!$A:$A,6))=VALUE(LEFT(B23,6)))*(ci_leitos_internacao!$B:$B=C23), 0)), "")} -> 4095 | I23: {=IFERROR(INDEX(ci_hospitais_internacao!$C:$C, MATCH(1, (VALUE(LEFT(ci_hospitais_internacao!$A:$A,6))=VALUE(LEFT(B23,6)))*(ci_hospitais_internacao!$B:$B=C23), 0)), "")} -> 12 | J23: {=IFERROR(INDEX(ci_pa_clinico!$C:$C, MATCH(1, (VALUE(LEFT(ci_pa_clinico!$A:$A,6))=VALUE(LEFT(B23,6)))*(ci_pa_clinico!$B:$B=C23), 0)), "")} | K23: {=IFERROR(INDEX(aps_equipes_esf!$C:$C, MATCH(1, (VALUE(LEFT(aps_equipes_esf!$A:$A,6))=VALUE(LEFT(B23,6)))*(aps_equipes_esf!$B:$B=C23), 0)), "")} -> - | L23: {=IFERROR(INDEX(casos!$C:$C, MATCH(1, (VALUE(LEFT(casos!$A:$A,6))=VALUE(LEFT(B23,6)))*(casos!$B:$B=C23), 0)), "")} -> 1272 | M23: {=IFERROR(INDEX(srag!$D:$D, MATCH(1, (VALUE(LEFT(srag!$A:$A,6))=VALUE(LEFT(B23,6)))*(srag!$C:$C=C23), 0)), "")} -> 2714 | N23: {=IFERROR(INDEX(fesp!$E:$E, MATCH(1, (VALUE(LEFT(fesp!$A:$A,6))=VALUE(LEFT(B23,6)))*(fesp!$C:$C=C23), 0)), "")} -> 571 | O23: {=IFERROR(INDEX(fesp!$F:$F, MATCH(1, (VALUE(LEFT(fesp!$A:$A,6))=VALUE(LEFT(B23,6)))*(fesp!$C:$C=C23), 0)), "")} -> 22385 | P23: {=IFERROR(INDEX(fesp!$G:$G, MATCH(1, (VALUE(LEFT(fesp!$A:$A,6))=VALUE(LEFT(B23,6)))*(fesp!$C:$C=C23), 0)), "")} -> 11389691 | Q23: {=IFERROR(INDEX(fesp!$H:$H, MATCH(1, (VALUE(LEFT(fesp!$A:$A,6))=VALUE(LEFT(B23,6)))*(fesp!$C:$C=C23), 0)), "")} -> 184 | R23: {=IFERROR(INDEX(fesp!$I:$I, MATCH(1, (VALUE(LEFT(fesp!$A:$A,6))=VALUE(LEFT(B23,6)))*(fesp!$C:$C=C23), 0)), "")} -> 2305 | S23: {=IFERROR(INDEX(fesp!$J:$J, MATCH(1, (VALUE(LEFT(fesp!$A:$A,6))=VALUE(LEFT(B23,6)))*(fesp!$C:$C=C23), 0)), "")} -> 50526
A24: Boa Vista (RR) | B24: 1400100 | C24: 2015 | D24: {=IFERROR(INDEX(fesp!$D:$D, MATCH(1, (VALUE(LEFT(fesp!$A:$A,6))=VALUE(LEFT(B24,6)))*(fesp!$C:$C=C24), 0)), "")} -> 320714 | E24: {=IFERROR(INDEX(ft_medicos_clinicos!$C:$C, MATCH(1, (VALUE(LEFT(ft_medicos_clinicos!$A:$A,6))=VALUE(LEFT(B24,6)))*(ft_medicos_clinicos!$B:$B=C24), 0)), "")} -> 211 | F24: {=IFERROR(INDEX(ft_enfermeiros!$C:$C, MATCH(1, (VALUE(LEFT(ft_enfermeiros!$A:$A,6))=VALUE(LEFT(B24,6)))*(ft_enfermeiros!$B:$B=C24), 0)), "")} -> 362 | G24: {=IFERROR(INDEX(ft_equipes_acs!$C:$C, MATCH(1, (VALUE(LEFT(ft_equipes_acs!$A:$A,6))=VALUE(LEFT(B24,6)))*(ft_equipes_acs!$B:$B=C24), 0)), "")} | H24: {=IFERROR(INDEX(ci_leitos_internacao!$C:$C, MATCH(1, (VALUE(LEFT(ci_leitos_internacao!$A:$A,6))=VALUE(LEFT(B24,6)))*(ci_leitos_internacao!$B:$B=C24), 0)), "")} -> 689 | I24: {=IFERROR(INDEX(ci_hospitais_internacao!$C:$C, MATCH(1, (VALUE(LEFT(ci_hospitais_internacao!$A:$A,6))=VALUE(LEFT(B24,6)))*(ci_hospitais_internacao!$B:$B=C24), 0)), "")} -> 2 | J24: {=IFERROR(INDEX(ci_pa_clinico!$C:$C, MATCH(1, (VALUE(LEFT(ci_pa_clinico!$A:$A,6))=VALUE(LEFT(B24,6)))*(ci_pa_clinico!$B:$B=C24), 0)), "")} -> - | K24: {=IFERROR(INDEX(aps_equipes_esf!$C:$C, MATCH(1, (VALUE(LEFT(aps_equipes_esf!$A:$A,6))=VALUE(LEFT(B24,6)))*(aps_equipes_esf!$B:$B=C24), 0)), "")} -> 54 | L24: {=IFERROR(INDEX(casos!$C:$C, MATCH(1, (VALUE(LEFT(casos!$A:$A,6))=VALUE(LEFT(B24,6)))*(casos!$B:$B=C24), 0)), "")} -> 439 | M24: {=IFERROR(INDEX(srag!$D:$D, MATCH(1, (VALUE(LEFT(srag!$A:$A,6))=VALUE(LEFT(B24,6)))*(srag!$C:$C=C24), 0)), "")} -> 4 | N24: {=IFERROR(INDEX(fesp!$E:$E, MATCH(1, (VALUE(LEFT(fesp!$A:$A,6))=VALUE(LEFT(B24,6)))*(fesp!$C:$C=C24), 0)), "")} -> 466 | O24: {=IFERROR(INDEX(fesp!$F:$F, MATCH(1, (VALUE(LEFT(fesp!$A:$A,6))=VALUE(LEFT(B24,6)))*(fesp!$C:$C=C24), 0)), "")} -> 3472 | P24: {=IFERROR(INDEX(fesp!$G:$G, MATCH(1, (VALUE(LEFT(fesp!$A:$A,6))=VALUE(LEFT(B24,6)))*(fesp!$C:$C=C24), 0)), "")} -> 2275887 | Q24: {=IFERROR(INDEX(fesp!$H:$H, MATCH(1, (VALUE(LEFT(fesp!$A:$A,6))=VALUE(LEFT(B24,6)))*(fesp!$C:$C=C24), 0)), "")} -> 75 | R24: {=IFERROR(INDEX(fesp!$I:$I, MATCH(1, (VALUE(LEFT(fesp!$A:$A,6))=VALUE(LEFT(B24,6)))*(fesp!$C:$C=C24), 0)), "")} -> 121076 | S24: {=IFERROR(INDEX(fesp!$J:$J, MATCH(1, (VALUE(LEFT(fesp!$A:$A,6))=VALUE(LEFT(B24,6)))*(fesp!$C:$C=C24), 0)), "")} -> 290380
A25: Boa Vista (RR) | B25: 1400100 | C25: 2016 | D25: {=IFERROR(INDEX(fesp!$D:$D, MATCH(1, (VALUE(LEFT(fesp!$A:$A,6))=VALUE(LEFT(B25,6)))*(fesp!$C:$C=C25), 0)), "")} -> 0 | E25: {=IFERROR(INDEX(ft_medicos_clinicos!$C:$C, MATCH(1, (VALUE(LEFT(ft_medicos_clinicos!$A:$A,6))=VALUE(LEFT(B25,6)))*(ft_medicos_clinicos!$B:$B=C25), 0)), "")} -> 228 | F25: {=IFERROR(INDEX(ft_enfermeiros!$C:$C, MATCH(1, (VALUE(LEFT(ft_enfermeiros!$A:$A,6))=VALUE(LEFT(B25,6)))*(ft_enfermeiros!$B:$B=C25), 0)), "")} -> 357 | G25: {=IFERROR(INDEX(ft_equipes_acs!$C:$C, MATCH(1, (VALUE(LEFT(ft_equipes_acs!$A:$A,6))=VALUE(LEFT(B25,6)))*(ft_equipes_acs!$B:$B=C25), 0)), "")} | H25: {=IFERROR(INDEX(ci_leitos_internacao!$C:$C, MATCH(1, (VALUE(LEFT(ci_leitos_internacao!$A:$A,6))=VALUE(LEFT(B25,6)))*(ci_leitos_internacao!$B:$B=C25), 0)), "")} -> 705 | I25: {=IFERROR(INDEX(ci_hospitais_internacao!$C:$C, MATCH(1, (VALUE(LEFT(ci_hospitais_internacao!$A:$A,6))=VALUE(LEFT(B25,6)))*(ci_hospitais_internacao!$B:$B=C25), 0)), "")} -> 2 | J25: {=IFERROR(INDEX(ci_pa_clinico!$C:$C, MATCH(1, (VALUE(LEFT(ci_pa_clinico!$A:$A,6))=VALUE(LEFT(B25,6)))*(ci_pa_clinico!$B:$B=C25), 0)), "")} -> - | K25: {=IFERROR(INDEX(aps_equipes_esf!$C:$C, MATCH(1, (VALUE(LEFT(aps_equipes_esf!$A:$A,6))=VALUE(LEFT(B25,6)))*(aps_equipes_esf!$B:$B=C25), 0)), "")} -> 56 | L25: {=IFERROR(INDEX(casos!$C:$C, MATCH(1, (VALUE(LEFT(casos!$A:$A,6))=VALUE(LEFT(B25,6)))*(casos!$B:$B=C25), 0)), "")} -> 82 | M25: {=IFERROR(INDEX(srag!$D:$D, MATCH(1, (VALUE(LEFT(srag!$A:$A,6))=VALUE(LEFT(B25,6)))*(srag!$C:$C=C25), 0)), "")} -> 11 | N25: {=IFERROR(INDEX(fesp!$E:$E, MATCH(1, (VALUE(LEFT(fesp!$A:$A,6))=VALUE(LEFT(B25,6)))*(fesp!$C:$C=C25), 0)), "")} -> 371 | O25: {=IFERROR(INDEX(fesp!$F:$F, MATCH(1, (VALUE(LEFT(fesp!$A:$A,6))=VALUE(LEFT(B25,6)))*(fesp!$C:$C=C25), 0)), "")} -> 1843 | P25: {=IFERROR(INDEX(fesp!$G:$G, MATCH(1, (VALUE(LEFT(fesp!$A:$A,6))=VALUE(LEFT(B25,6)))*(fesp!$C:$C=C25), 0)), "")} -> 2183881 | Q25: {=IFERROR(INDEX(fesp!$H:$H, MATCH(1, (VALUE(LEFT(fesp!$A:$A,6))=VALUE(LEFT(B25,6)))*(fesp!$C:$C=C25), 0)), "")} -> 86 | R25: {=IFERROR(INDEX(fesp!$I:$I, MATCH(1, (VALUE(LEFT(fesp!$A:$A,6))=VALUE(LEFT(B25,6)))*(fesp!$C:$C=C25), 0)), "")} -> 32965 | S25: {=IFERROR(INDEX(fesp!$J:$J, MATCH(1, (VALUE(LEFT(fesp!$A:$A,6))=VALUE(LEFT(B25,6)))*(fesp!$C:$C=C25), 0)), "")} -> 339347
A26: Boa Vista (RR) | B26: 1400100 | C26: 2017 | D26: {=IFERROR(INDEX(fesp!$D:$D, MATCH(1, (VALUE(LEFT(fesp!$A:$A,6))=VALUE(LEFT(B26,6)))*(fesp!$C:$C=C26), 0)), "")} -> 0 | E26: {=IFERROR(INDEX(ft_medicos_clinicos!$C:$C, MATCH(1, (VALUE(LEFT(ft_medicos_clinicos!$A:$A,6))=VALUE(LEFT(B26,6)))*(ft_medicos_clinicos!$B:$B=C26), 0)), "")} -> 256 | F26: {=IFERROR(INDEX(ft_enfermeiros!$C:$C, MATCH(1, (VALUE(LEFT(ft_enfermeiros!$A:$A,6))=VALUE(LEFT(B26,6)))*(ft_enfermeiros!$B:$B=C26), 0)), "")} -> 425 | G26: {=IFERROR(INDEX(ft_equipes_acs!$C:$C, MATCH(1, (VALUE(LEFT(ft_equipes_acs!$A:$A,6))=VALUE(LEFT(B26,6)))*(ft_equipes_acs!$B:$B=C26), 0)), "")} | H26: {=IFERROR(INDEX(ci_leitos_internacao!$C:$C, MATCH(1, (VALUE(LEFT(ci_leitos_internacao!$A:$A,6))=VALUE(LEFT(B26,6)))*(ci_leitos_internacao!$B:$B=C26), 0)), "")} -> 744 | I26: {=IFERROR(INDEX(ci_hospitais_internacao!$C:$C, MATCH(1, (VALUE(LEFT(ci_hospitais_internacao!$A:$A,6))=VALUE(LEFT(B26,6)))*(ci_hospitais_internacao!$B:$B=C26), 0)), "")} -> 2 | J26: {=IFERROR(INDEX(ci_pa_clinico!$C:$C, MATCH(1, (VALUE(LEFT(ci_pa_clinico!$A:$A,6))=VALUE(LEFT(B26,6)))*(ci_pa_clinico!$B:$B=C26), 0)), "")} -> - | K26: {=IFERROR(INDEX(aps_equipes_esf!$C:$C, MATCH(1, (VALUE(LEFT(aps_equipes_esf!$A:$A,6))=VALUE(LEFT(B26,6)))*(aps_equipes_esf!$B:$B=C26), 0)), "")} -> 50 | L26: {=IFERROR(INDEX(casos!$C:$C, MATCH(1, (VALUE(LEFT(casos!$A:$A,6))=VALUE(LEFT(B26,6)))*(casos!$B:$B=C26), 0)), "")} -> 203 | M26: {=IFERROR(INDEX(srag!$D:$D, MATCH(1, (VALUE(LEFT(srag!$A:$A,6))=VALUE(LEFT(B26,6)))*(srag!$C:$C=C26), 0)), "")} -> 0 | N26: {=IFERROR(INDEX(fesp!$E:$E, MATCH(1, (VALUE(LEFT(fesp!$A:$A,6))=VALUE(LEFT(B26,6)))*(fesp!$C:$C=C26), 0)), "")} -> 319 | O26: {=IFERROR(INDEX(fesp!$F:$F, MATCH(1, (VALUE(LEFT(fesp!$A:$A,6))=VALUE(LEFT(B26,6)))*(fesp!$C:$C=C26), 0)), "")} -> 1658 | P26: {=IFERROR(INDEX(fesp!$G:$G, MATCH(1, (VALUE(LEFT(fesp!$A:$A,6))=VALUE(LEFT(B26,6)))*(fesp!$C:$C=C26), 0)), "")} -> 2401679 | Q26: {=IFERROR(INDEX(fesp!$H:$H, MATCH(1, (VALUE(LEFT(fesp!$A:$A,6))=VALUE(LEFT(B26,6)))*(fesp!$C:$C=C26), 0)), "")} -> 163 | R26: {=IFERROR(INDEX(fesp!$I:$I, MATCH(1, (VALUE(LEFT(fesp!$A:$A,6))=VALUE(LEFT(B26,6)))*(fesp!$C:$C=C26), 0)), "")} -> 20473 | S26: {=IFERROR(INDEX(fesp!$J:$J, MATCH(1, (VALUE(LEFT(fesp!$A:$A,6))=VALUE(LEFT(B26,6)))*(fesp!$C:$C=C26), 0)), "")} -> 129127
A27: Boa Vista (RR) | B27: 1400100 | C27: 2018 | D27: {=IFERROR(INDEX(fesp!$D:$D, MATCH(1, (VALUE(LEFT(fesp!$A:$A,6))=VALUE(LEFT(B27,6)))*(fesp!$C:$C=C27), 0)), "")} -> 0 | E27: {=IFERROR(INDEX(ft_medicos_clinicos!$C:$C, MATCH(1, (VALUE(LEFT(ft_medicos_clinicos!$A:$A,6))=VALUE(LEFT(B27,6)))*(ft_medicos_clinicos!$B:$B=C27), 0)), "")} -> 261 | F27: {=IFERROR(INDEX(ft_enfermeiros!$C:$C, MATCH(1, (VALUE(LEFT(ft_enfermeiros!$A:$A,6))=VALUE(LEFT(B27,6)))*(ft_enfermeiros!$B:$B=C27), 0)), "")} -> 453 | G27: {=IFERROR(INDEX(ft_equipes_acs!$C:$C, MATCH(1, (VALUE(LEFT(ft_equipes_acs!$A:$A,6))=VALUE(LEFT(B27,6)))*(ft_equipes_acs!$B:$B=C27), 0)), "")} | H27: {=IFERROR(INDEX(ci_leitos_internacao!$C:$C, MATCH(1, (VALUE(LEFT(ci_leitos_internacao!$A:$A,6))=VALUE(LEFT(B27,6)))*(ci_leitos_internacao!$B:$B=C27), 0)), "")} -> 857 | I27: {=IFERROR(INDEX(ci_hospitais_internacao!$C:$C, MATCH(1, (VALUE(LEFT(ci_hospitais_internacao!$A:$A,6))=VALUE(LEFT(B27,6)))*(ci_hospitais_internacao!$B:$B=C27), 0)), "")} -> 3 | J27: {=IFERROR(INDEX(ci_pa_clinico!$C:$C, MATCH(1, (VALUE(LEFT(ci_pa_clinico!$A:$A,6))=VALUE(LEFT(B27,6)))*(ci_pa_clinico!$B:$B=C27), 0)), "")} -> - | K27: {=IFERROR(INDEX(aps_equipes_esf!$C:$C, MATCH(1, (VALUE(LEFT(aps_equipes_esf!$A:$A,6))=VALUE(LEFT(B27,6)))*(aps_equipes_esf!$B:$B=C27), 0)), "")} -> 56 | L27: {=IFERROR(INDEX(casos!$C:$C, MATCH(1, (VALUE(LEFT(casos!$A:$A,6))=VALUE(LEFT(B27,6)))*(casos!$B:$B=C27), 0)), "")} -> 75 | M27: {=IFERROR(INDEX(srag!$D:$D, MATCH(1, (VALUE(LEFT(srag!$A:$A,6))=VALUE(LEFT(B27,6)))*(srag!$C:$C=C27), 0)), "")} -> 3 | N27: {=IFERROR(INDEX(fesp!$E:$E, MATCH(1, (VALUE(LEFT(fesp!$A:$A,6))=VALUE(LEFT(B27,6)))*(fesp!$C:$C=C27), 0)), "")} -> 323 | O27: {=IFERROR(INDEX(fesp!$F:$F, MATCH(1, (VALUE(LEFT(fesp!$A:$A,6))=VALUE(LEFT(B27,6)))*(fesp!$C:$C=C27), 0)), "")} -> 1939 | P27: {=IFERROR(INDEX(fesp!$G:$G, MATCH(1, (VALUE(LEFT(fesp!$A:$A,6))=VALUE(LEFT(B27,6)))*(fesp!$C:$C=C27), 0)), "")} -> 2496464 | Q27: {=IFERROR(INDEX(fesp!$H:$H, MATCH(1, (VALUE(LEFT(fesp!$A:$A,6))=VALUE(LEFT(B27,6)))*(fesp!$C:$C=C27), 0)), "")} -> 142 | R27: {=IFERROR(INDEX(fesp!$I:$I, MATCH(1, (VALUE(LEFT(fesp!$A:$A,6))=VALUE(LEFT(B27,6)))*(fesp!$C:$C=C27), 0)), "")} -> 5265 | S27: {=IFERROR(INDEX(fesp!$J:$J, MATCH(1, (VALUE(LEFT(fesp!$A:$A,6))=VALUE(LEFT(B27,6)))*(fesp!$C:$C=C27), 0)), "")} -> 34281
A28: Boa Vista (RR) | B28: 1400100 | C28: 2019 | D28: {=IFERROR(INDEX(fesp!$D:$D, MATCH(1, (VALUE(LEFT(fesp!$A:$A,6))=VALUE(LEFT(B28,6)))*(fesp!$C:$C=C28), 0)), "")} -> 0 | E28: {=IFERROR(INDEX(ft_medicos_clinicos!$C:$C, MATCH(1, (VALUE(LEFT(ft_medicos_clinicos!$A:$A,6))=VALUE(LEFT(B28,6)))*(ft_medicos_clinicos!$B:$B=C28), 0)), "")} -> 285 | F28: {=IFERROR(INDEX(ft_enfermeiros!$C:$C, MATCH(1, (VALUE(LEFT(ft_enfermeiros!$A:$A,6))=VALUE(LEFT(B28,6)))*(ft_enfermeiros!$B:$B=C28), 0)), "")} -> 482 | G28: {=IFERROR(INDEX(ft_equipes_acs!$C:$C, MATCH(1, (VALUE(LEFT(ft_equipes_acs!$A:$A,6))=VALUE(LEFT(B28,6)))*(ft_equipes_acs!$B:$B=C28), 0)), "")} | H28: {=IFERROR(INDEX(ci_leitos_internacao!$C:$C, MATCH(1, (VALUE(LEFT(ci_leitos_internacao!$A:$A,6))=VALUE(LEFT(B28,6)))*(ci_leitos_internacao!$B:$B=C28), 0)), "")} -> 894 | I28: {=IFERROR(INDEX(ci_hospitais_internacao!$C:$C, MATCH(1, (VALUE(LEFT(ci_hospitais_internacao!$A:$A,6))=VALUE(LEFT(B28,6)))*(ci_hospitais_internacao!$B:$B=C28), 0)), "")} -> 3 | J28: {=IFERROR(INDEX(ci_pa_clinico!$C:$C, MATCH(1, (VALUE(LEFT(ci_pa_clinico!$A:$A,6))=VALUE(LEFT(B28,6)))*(ci_pa_clinico!$B:$B=C28), 0)), "")} -> 2 | K28: {=IFERROR(INDEX(aps_equipes_esf!$C:$C, MATCH(1, (VALUE(LEFT(aps_equipes_esf!$A:$A,6))=VALUE(LEFT(B28,6)))*(aps_equipes_esf!$B:$B=C28), 0)), "")} -> 41 | L28: {=IFERROR(INDEX(casos!$C:$C, MATCH(1, (VALUE(LEFT(casos!$A:$A,6))=VALUE(LEFT(B28,6)))*(casos!$B:$B=C28), 0)), "")} -> 1038 | M28: {=IFERROR(INDEX(srag!$D:$D, MATCH(1, (VALUE(LEFT(srag!$A:$A,6))=VALUE(LEFT(B28,6)))*(srag!$C:$C=C28), 0)), "")} -> 27 | N28: {=IFERROR(INDEX(fesp!$E:$E, MATCH(1, (VALUE(LEFT(fesp!$A:$A,6))=VALUE(LEFT(B28,6)))*(fesp!$C:$C=C28), 0)), "")} -> 482 | O28: {=IFERROR(INDEX(fesp!$F:$F, MATCH(1, (VALUE(LEFT(fesp!$A:$A,6))=VALUE(LEFT(B28,6)))*(fesp!$C:$C=C28), 0)), "")} -> 1659 | P28: {=IFERROR(INDEX(fesp!$G:$G, MATCH(1, (VALUE(LEFT(fesp!$A:$A,6))=VALUE(LEFT(B28,6)))*(fesp!$C:$C=C28), 0)), "")} -> 2125387 | Q28: {=IFERROR(INDEX(fesp!$H:$H, MATCH(1, (VALUE(LEFT(fesp!$A:$A,6))=VALUE(LEFT(B28,6)))*(fesp!$C:$C=C28), 0)), "")} -> 80 | R28: {=IFERROR(INDEX(fesp!$I:$I, MATCH(1, (VALUE(LEFT(fesp!$A:$A,6))=VALUE(LEFT(B28,6)))*(fesp!$C:$C=C28), 0)), "")} -> 0 | S28: {=IFERROR(INDEX(fesp!$J:$J, MATCH(1, (VALUE(LEFT(fesp!$A:$A,6))=VALUE(LEFT(B28,6)))*(fesp!$C:$C=C28), 0)), "")} -> 1647
A29: Boa Vista (RR) | B29: 1400100 | C29: 2020 | D29: {=IFERROR(INDEX(fesp!$D:$D, MATCH(1, (VALUE(LEFT(fesp!$A:$A,6))=VALUE(LEFT(B29,6)))*(fesp!$C:$C=C29), 0)), "")} -> 0 | E29: {=IFERROR(INDEX(ft_medicos_clinicos!$C:$C, MATCH(1, (VALUE(LEFT(ft_medicos_clinicos!$A:$A,6))=VALUE(LEFT(B29,6)))*(ft_medicos_clinicos!$B:$B=C29), 0)), "")} -> 372 | F29: {=IFERROR(INDEX(ft_enfermeiros!$C:$C, MATCH(1, (VALUE(LEFT(ft_enfermeiros!$A:$A,6))=VALUE(LEFT(B29,6)))*(ft_enfermeiros!$B:$B=C29), 0)), "")} -> 654 | G29: {=IFERROR(INDEX(ft_equipes_acs!$C:$C, MATCH(1, (VALUE(LEFT(ft_equipes_acs!$A:$A,6))=VALUE(LEFT(B29,6)))*(ft_equipes_acs!$B:$B=C29), 0)), "")} | H29: {=IFERROR(INDEX(ci_leitos_internacao!$C:$C, MATCH(1, (VALUE(LEFT(ci_leitos_internacao!$A:$A,6))=VALUE(LEFT(B29,6)))*(ci_leitos_internacao!$B:$B=C29), 0)), "")} -> 1290 | I29: {=IFERROR(INDEX(ci_hospitais_internacao!$C:$C, MATCH(1, (VALUE(LEFT(ci_hospitais_internacao!$A:$A,6))=VALUE(LEFT(B29,6)))*(ci_hospitais_internacao!$B:$B=C29), 0)), "")} -> 5 | J29: {=IFERROR(INDEX(ci_pa_clinico!$C:$C, MATCH(1, (VALUE(LEFT(ci_pa_clinico!$A:$A,6))=VALUE(LEFT(B29,6)))*(ci_pa_clinico!$B:$B=C29), 0)), "")} -> 2 | K29: {=IFERROR(INDEX(aps_equipes_esf!$C:$C, MATCH(1, (VALUE(LEFT(aps_equipes_esf!$A:$A,6))=VALUE(LEFT(B29,6)))*(aps_equipes_esf!$B:$B=C29), 0)), "")} -> - | L29: {=IFERROR(INDEX(casos!$C:$C, MATCH(1, (VALUE(LEFT(casos!$A:$A,6))=VALUE(LEFT(B29,6)))*(casos!$B:$B=C29), 0)), "")} -> 374 | M29: {=IFERROR(INDEX(srag!$D:$D, MATCH(1, (VALUE(LEFT(srag!$A:$A,6))=VALUE(LEFT(B29,6)))*(srag!$C:$C=C29), 0)), "")} -> 1531 | N29: {=IFERROR(INDEX(fesp!$E:$E, MATCH(1, (VALUE(LEFT(fesp!$A:$A,6))=VALUE(LEFT(B29,6)))*(fesp!$C:$C=C29), 0)), "")} -> 366 | O29: {=IFERROR(INDEX(fesp!$F:$F, MATCH(1, (VALUE(LEFT(fesp!$A:$A,6))=VALUE(LEFT(B29,6)))*(fesp!$C:$C=C29), 0)), "")} -> 1283 | P29: {=IFERROR(INDEX(fesp!$G:$G, MATCH(1, (VALUE(LEFT(fesp!$A:$A,6))=VALUE(LEFT(B29,6)))*(fesp!$C:$C=C29), 0)), "")} -> 1752373 | Q29: {=IFERROR(INDEX(fesp!$H:$H, MATCH(1, (VALUE(LEFT(fesp!$A:$A,6))=VALUE(LEFT(B29,6)))*(fesp!$C:$C=C29), 0)), "")} -> 14 | R29: {=IFERROR(INDEX(fesp!$I:$I, MATCH(1, (VALUE(LEFT(fesp!$A:$A,6))=VALUE(LEFT(B29,6)))*(fesp!$C:$C=C29), 0)), "")} -> 0 | S29: {=IFERROR(INDEX(fesp!$J:$J, MATCH(1, (VALUE(LEFT(fesp!$A:$A,6))=VALUE(LEFT(B29,6)))*(fesp!$C:$C=C29), 0)), "")} -> 7
A30: Boa Vista (RR) | B30: 1400100 | C30: 2021 | D30: {=IFERROR(INDEX(fesp!$D:$D, MATCH(1, (VALUE(LEFT(fesp!$A:$A,6))=VALUE(LEFT(B30,6)))*(fesp!$C:$C=C30), 0)), "")} -> 0 | E30: {=IFERROR(INDEX(ft_medicos_clinicos!$C:$C, MATCH(1, (VALUE(LEFT(ft_medicos_clinicos!$A:$A,6))=VALUE(LEFT(B30,6)))*(ft_medicos_clinicos!$B:$B=C30), 0)), "")} -> 250 | F30: {=IFERROR(INDEX(ft_enfermeiros!$C:$C, MATCH(1, (VALUE(LEFT(ft_enfermeiros!$A:$A,6))=VALUE(LEFT(B30,6)))*(ft_enfermeiros!$B:$B=C30), 0)), "")} -> 800 | G30: {=IFERROR(INDEX(ft_equipes_acs!$C:$C, MATCH(1, (VALUE(LEFT(ft_equipes_acs!$A:$A,6))=VALUE(LEFT(B30,6)))*(ft_equipes_acs!$B:$B=C30), 0)), "")} | H30: {=IFERROR(INDEX(ci_leitos_internacao!$C:$C, MATCH(1, (VALUE(LEFT(ci_leitos_internacao!$A:$A,6))=VALUE(LEFT(B30,6)))*(ci_leitos_internacao!$B:$B=C30), 0)), "")} -> 1095 | I30: {=IFERROR(INDEX(ci_hospitais_internacao!$C:$C, MATCH(1, (VALUE(LEFT(ci_hospitais_internacao!$A:$A,6))=VALUE(LEFT(B30,6)))*(ci_hospitais_internacao!$B:$B=C30), 0)), "")} -> 5 | J30: {=IFERROR(INDEX(ci_pa_clinico!$C:$C, MATCH(1, (VALUE(LEFT(ci_pa_clinico!$A:$A,6))=VALUE(LEFT(B30,6)))*(ci_pa_clinico!$B:$B=C30), 0)), "")} -> 2 | K30: {=IFERROR(INDEX(aps_equipes_esf!$C:$C, MATCH(1, (VALUE(LEFT(aps_equipes_esf!$A:$A,6))=VALUE(LEFT(B30,6)))*(aps_equipes_esf!$B:$B=C30), 0)), "")} -> - | L30: {=IFERROR(INDEX(casos!$C:$C, MATCH(1, (VALUE(LEFT(casos!$A:$A,6))=VALUE(LEFT(B30,6)))*(casos!$B:$B=C30), 0)), "")} -> 41 | M30: {=IFERROR(INDEX(srag!$D:$D, MATCH(1, (VALUE(LEFT(srag!$A:$A,6))=VALUE(LEFT(B30,6)))*(srag!$C:$C=C30), 0)), "")} -> 2945 | N30: {=IFERROR(INDEX(fesp!$E:$E, MATCH(1, (VALUE(LEFT(fesp!$A:$A,6))=VALUE(LEFT(B30,6)))*(fesp!$C:$C=C30), 0)), "")} -> 413 | O30: {=IFERROR(INDEX(fesp!$F:$F, MATCH(1, (VALUE(LEFT(fesp!$A:$A,6))=VALUE(LEFT(B30,6)))*(fesp!$C:$C=C30), 0)), "")} -> 2021 | P30: {=IFERROR(INDEX(fesp!$G:$G, MATCH(1, (VALUE(LEFT(fesp!$A:$A,6))=VALUE(LEFT(B30,6)))*(fesp!$C:$C=C30), 0)), "")} -> 2092242 | Q30: {=IFERROR(INDEX(fesp!$H:$H, MATCH(1, (VALUE(LEFT(fesp!$A:$A,6))=VALUE(LEFT(B30,6)))*(fesp!$C:$C=C30), 0)), "")} -> 32 | R30: {=IFERROR(INDEX(fesp!$I:$I, MATCH(1, (VALUE(LEFT(fesp!$A:$A,6))=VALUE(LEFT(B30,6)))*(fesp!$C:$C=C30), 0)), "")} -> 4 | S30: {=IFERROR(INDEX(fesp!$J:$J, MATCH(1, (VALUE(LEFT(fesp!$A:$A,6))=VALUE(LEFT(B30,6)))*(fesp!$C:$C=C30), 0)), "")} -> 4
A31: Boa Vista (RR) | B31: 1400100 | C31: 2022 | D31: {=IFERROR(INDEX(fesp!$D:$D, MATCH(1, (VALUE(LEFT(fesp!$A:$A,6))=VALUE(LEFT(B31,6)))*(fesp!$C:$C=C31), 0)), "")} -> 413486 | E31: {=IFERROR(INDEX(ft_medicos_clinicos!$C:$C, MATCH(1, (VALUE(LEFT(ft_medicos_clinicos!$A:$A,6))=VALUE(LEFT(B31,6)))*(ft_medicos_clinicos!$B:$B=C31), 0)), "")} -> 286 | F31: {=IFERROR(INDEX(ft_enfermeiros!$C:$C, MATCH(1, (VALUE(LEFT(ft_enfermeiros!$A:$A,6))=VALUE(LEFT(B31,6)))*(ft_enfermeiros!$B:$B=C31), 0)), "")} -> 918 | G31: {=IFERROR(INDEX(ft_equipes_acs!$C:$C, MATCH(1, (VALUE(LEFT(ft_equipes_acs!$A:$A,6))=VALUE(LEFT(B31,6)))*(ft_equipes_acs!$B:$B=C31), 0)), "")} | H31: {=IFERROR(INDEX(ci_leitos_internacao!$C:$C, MATCH(1, (VALUE(LEFT(ci_leitos_internacao!$A:$A,6))=VALUE(LEFT(B31,6)))*(ci_leitos_internacao!$B:$B=C31), 0)), "")} -> 1101 | I31: {=IFERROR(INDEX(ci_hospitais_internacao!$C:$C, MATCH(1, (VALUE(LEFT(ci_hospitais_internacao!$A:$A,6))=VALUE(LEFT(B31,6)))*(ci_hospitais_internacao!$B:$B=C31), 0)), "")} -> 4 | J31: {=IFERROR(INDEX(ci_pa_clinico!$C:$C, MATCH(1, (VALUE(LEFT(ci_pa_clinico!$A:$A,6))=VALUE(LEFT(B31,6)))*(ci_pa_clinico!$B:$B=C31), 0)), "")} -> 2 | K31: {=IFERROR(INDEX(aps_equipes_esf!$C:$C, MATCH(1, (VALUE(LEFT(aps_equipes_esf!$A:$A,6))=VALUE(LEFT(B31,6)))*(aps_equipes_esf!$B:$B=C31), 0)), "")} -> - | L31: {=IFERROR(INDEX(casos!$C:$C, MATCH(1, (VALUE(LEFT(casos!$A:$A,6))=VALUE(LEFT(B31,6)))*(casos!$B:$B=C31), 0)), "")} -> 42 | M31: {=IFERROR(INDEX(srag!$D:$D, MATCH(1, (VALUE(LEFT(srag!$A:$A,6))=VALUE(LEFT(B31,6)))*(srag!$C:$C=C31), 0)), "")} -> 441 | N31: {=IFERROR(INDEX(fesp!$E:$E, MATCH(1, (VALUE(LEFT(fesp!$A:$A,6))=VALUE(LEFT(B31,6)))*(fesp!$C:$C=C31), 0)), "")} -> 453 | O31: {=IFERROR(INDEX(fesp!$F:$F, MATCH(1, (VALUE(LEFT(fesp!$A:$A,6))=VALUE(LEFT(B31,6)))*(fesp!$C:$C=C31), 0)), "")} -> 6196 | P31: {=IFERROR(INDEX(fesp!$G:$G, MATCH(1, (VALUE(LEFT(fesp!$A:$A,6))=VALUE(LEFT(B31,6)))*(fesp!$C:$C=C31), 0)), "")} -> 2201906 | Q31: {=IFERROR(INDEX(fesp!$H:$H, MATCH(1, (VALUE(LEFT(fesp!$A:$A,6))=VALUE(LEFT(B31,6)))*(fesp!$C:$C=C31), 0)), "")} -> 67 | R31: {=IFERROR(INDEX(fesp!$I:$I, MATCH(1, (VALUE(LEFT(fesp!$A:$A,6))=VALUE(LEFT(B31,6)))*(fesp!$C:$C=C31), 0)), "")} -> 0 | S31: {=IFERROR(INDEX(fesp!$J:$J, MATCH(1, (VALUE(LEFT(fesp!$A:$A,6))=VALUE(LEFT(B31,6)))*(fesp!$C:$C=C31), 0)), "")} -> 36
A32: Boa Vista (RR) | B32: 1400100 | C32: 2023 | D32: {=IFERROR(INDEX(fesp!$D:$D, MATCH(1, (VALUE(LEFT(fesp!$A:$A,6))=VALUE(LEFT(B32,6)))*(fesp!$C:$C=C32), 0)), "")} -> 0 | E32: {=IFERROR(INDEX(ft_medicos_clinicos!$C:$C, MATCH(1, (VALUE(LEFT(ft_medicos_clinicos!$A:$A,6))=VALUE(LEFT(B32,6)))*(ft_medicos_clinicos!$B:$B=C32), 0)), "")} -> 354 | F32: {=IFERROR(INDEX(ft_enfermeiros!$C:$C, MATCH(1, (VALUE(LEFT(ft_enfermeiros!$A:$A,6))=VALUE(LEFT(B32,6)))*(ft_enfermeiros!$B:$B=C32), 0)), "")} -> 923 | G32: {=IFERROR(INDEX(ft_equipes_acs!$C:$C, MATCH(1, (VALUE(LEFT(ft_equipes_acs!$A:$A,6))=VALUE(LEFT(B32,6)))*(ft_equipes_acs!$B:$B=C32), 0)), "")} | H32: {=IFERROR(INDEX(ci_leitos_internacao!$C:$C, MATCH(1, (VALUE(LEFT(ci_leitos_internacao!$A:$A,6))=VALUE(LEFT(B32,6)))*(ci_leitos_internacao!$B:$B=C32), 0)), "")} -> 1181 | I32: {=IFERROR(INDEX(ci_hospitais_internacao!$C:$C, MATCH(1, (VALUE(LEFT(ci_hospitais_internacao!$A:$A,6))=VALUE(LEFT(B32,6)))*(ci_hospitais_internacao!$B:$B=C32), 0)), "")} -> 4 | J32: {=IFERROR(INDEX(ci_pa_clinico!$C:$C, MATCH(1, (VALUE(LEFT(ci_pa_clinico!$A:$A,6))=VALUE(LEFT(B32,6)))*(ci_pa_clinico!$B:$B=C32), 0)), "")} -> 2 | K32: {=IFERROR(INDEX(aps_equipes_esf!$C:$C, MATCH(1, (VALUE(LEFT(aps_equipes_esf!$A:$A,6))=VALUE(LEFT(B32,6)))*(aps_equipes_esf!$B:$B=C32), 0)), "")} -> - | L32: {=IFERROR(INDEX(casos!$C:$C, MATCH(1, (VALUE(LEFT(casos!$A:$A,6))=VALUE(LEFT(B32,6)))*(casos!$B:$B=C32), 0)), "")} -> 63 | M32: {=IFERROR(INDEX(srag!$D:$D, MATCH(1, (VALUE(LEFT(srag!$A:$A,6))=VALUE(LEFT(B32,6)))*(srag!$C:$C=C32), 0)), "")} -> 355 | N32: {=IFERROR(INDEX(fesp!$E:$E, MATCH(1, (VALUE(LEFT(fesp!$A:$A,6))=VALUE(LEFT(B32,6)))*(fesp!$C:$C=C32), 0)), "")} -> 553 | O32: {=IFERROR(INDEX(fesp!$F:$F, MATCH(1, (VALUE(LEFT(fesp!$A:$A,6))=VALUE(LEFT(B32,6)))*(fesp!$C:$C=C32), 0)), "")} -> 6328 | P32: {=IFERROR(INDEX(fesp!$G:$G, MATCH(1, (VALUE(LEFT(fesp!$A:$A,6))=VALUE(LEFT(B32,6)))*(fesp!$C:$C=C32), 0)), "")} -> 2451975 | Q32: {=IFERROR(INDEX(fesp!$H:$H, MATCH(1, (VALUE(LEFT(fesp!$A:$A,6))=VALUE(LEFT(B32,6)))*(fesp!$C:$C=C32), 0)), "")} -> 120 | R32: {=IFERROR(INDEX(fesp!$I:$I, MATCH(1, (VALUE(LEFT(fesp!$A:$A,6))=VALUE(LEFT(B32,6)))*(fesp!$C:$C=C32), 0)), "")} -> 0 | S32: {=IFERROR(INDEX(fesp!$J:$J, MATCH(1, (VALUE(LEFT(fesp!$A:$A,6))=VALUE(LEFT(B32,6)))*(fesp!$C:$C=C32), 0)), "")} -> 11
A33: Boa Vista (RR) | B33: 1400100 | C33: 2024 | D33: {=IFERROR(INDEX(fesp!$D:$D, MATCH(1, (VALUE(LEFT(fesp!$A:$A,6))=VALUE(LEFT(B33,6)))*(fesp!$C:$C=C33), 0)), "")} -> 0 | E33: {=IFERROR(INDEX(ft_medicos_clinicos!$C:$C, MATCH(1, (VALUE(LEFT(ft_medicos_clinicos!$A:$A,6))=VALUE(LEFT(B33,6)))*(ft_medicos_clinicos!$B:$B=C33), 0)), "")} -> 426 | F33: {=IFERROR(INDEX(ft_enfermeiros!$C:$C, MATCH(1, (VALUE(LEFT(ft_enfermeiros!$A:$A,6))=VALUE(LEFT(B33,6)))*(ft_enfermeiros!$B:$B=C33), 0)), "")} -> 908 | G33: {=IFERROR(INDEX(ft_equipes_acs!$C:$C, MATCH(1, (VALUE(LEFT(ft_equipes_acs!$A:$A,6))=VALUE(LEFT(B33,6)))*(ft_equipes_acs!$B:$B=C33), 0)), "")} | H33: {=IFERROR(INDEX(ci_leitos_internacao!$C:$C, MATCH(1, (VALUE(LEFT(ci_leitos_internacao!$A:$A,6))=VALUE(LEFT(B33,6)))*(ci_leitos_internacao!$B:$B=C33), 0)), "")} -> 1199 | I33: {=IFERROR(INDEX(ci_hospitais_internacao!$C:$C, MATCH(1, (VALUE(LEFT(ci_hospitais_internacao!$A:$A,6))=VALUE(LEFT(B33,6)))*(ci_hospitais_internacao!$B:$B=C33), 0)), "")} -> 4 | J33: {=IFERROR(INDEX(ci_pa_clinico!$C:$C, MATCH(1, (VALUE(LEFT(ci_pa_clinico!$A:$A,6))=VALUE(LEFT(B33,6)))*(ci_pa_clinico!$B:$B=C33), 0)), "")} -> 2 | K33: {=IFERROR(INDEX(aps_equipes_esf!$C:$C, MATCH(1, (VALUE(LEFT(aps_equipes_esf!$A:$A,6))=VALUE(LEFT(B33,6)))*(aps_equipes_esf!$B:$B=C33), 0)), "")} -> - | L33: {=IFERROR(INDEX(casos!$C:$C, MATCH(1, (VALUE(LEFT(casos!$A:$A,6))=VALUE(LEFT(B33,6)))*(casos!$B:$B=C33), 0)), "")} -> 267 | M33: {=IFERROR(INDEX(srag!$D:$D, MATCH(1, (VALUE(LEFT(srag!$A:$A,6))=VALUE(LEFT(B33,6)))*(srag!$C:$C=C33), 0)), "")} -> 633 | N33: {=IFERROR(INDEX(fesp!$E:$E, MATCH(1, (VALUE(LEFT(fesp!$A:$A,6))=VALUE(LEFT(B33,6)))*(fesp!$C:$C=C33), 0)), "")} -> 272 | O33: {=IFERROR(INDEX(fesp!$F:$F, MATCH(1, (VALUE(LEFT(fesp!$A:$A,6))=VALUE(LEFT(B33,6)))*(fesp!$C:$C=C33), 0)), "")} -> 7838 | P33: {=IFERROR(INDEX(fesp!$G:$G, MATCH(1, (VALUE(LEFT(fesp!$A:$A,6))=VALUE(LEFT(B33,6)))*(fesp!$C:$C=C33), 0)), "")} -> 2937157 | Q33: {=IFERROR(INDEX(fesp!$H:$H, MATCH(1, (VALUE(LEFT(fesp!$A:$A,6))=VALUE(LEFT(B33,6)))*(fesp!$C:$C=C33), 0)), "")} -> 48 | R33: {=IFERROR(INDEX(fesp!$I:$I, MATCH(1, (VALUE(LEFT(fesp!$A:$A,6))=VALUE(LEFT(B33,6)))*(fesp!$C:$C=C33), 0)), "")} -> 0 | S33: {=IFERROR(INDEX(fesp!$J:$J, MATCH(1, (VALUE(LEFT(fesp!$A:$A,6))=VALUE(LEFT(B33,6)))*(fesp!$C:$C=C33), 0)), "")} -> 138
A34: Boa Vista (RR) | B34: 1400100 | C34: 2025 | D34: {=IFERROR(INDEX(fesp!$D:$D, MATCH(1, (VALUE(LEFT(fesp!$A:$A,6))=VALUE(LEFT(B34,6)))*(fesp!$C:$C=C34), 0)), "")} -> 0 | E34: {=IFERROR(INDEX(ft_medicos_clinicos!$C:$C, MATCH(1, (VALUE(LEFT(ft_medicos_clinicos!$A:$A,6))=VALUE(LEFT(B34,6)))*(ft_medicos_clinicos!$B:$B=C34), 0)), "")} -> 473 | F34: {=IFERROR(INDEX(ft_enfermeiros!$C:$C, MATCH(1, (VALUE(LEFT(ft_enfermeiros!$A:$A,6))=VALUE(LEFT(B34,6)))*(ft_enfermeiros!$B:$B=C34), 0)), "")} -> 935 | G34: {=IFERROR(INDEX(ft_equipes_acs!$C:$C, MATCH(1, (VALUE(LEFT(ft_equipes_acs!$A:$A,6))=VALUE(LEFT(B34,6)))*(ft_equipes_acs!$B:$B=C34), 0)), "")} | H34: {=IFERROR(INDEX(ci_leitos_internacao!$C:$C, MATCH(1, (VALUE(LEFT(ci_leitos_internacao!$A:$A,6))=VALUE(LEFT(B34,6)))*(ci_leitos_internacao!$B:$B=C34), 0)), "")} -> 1275 | I34: {=IFERROR(INDEX(ci_hospitais_internacao!$C:$C, MATCH(1, (VALUE(LEFT(ci_hospitais_internacao!$A:$A,6))=VALUE(LEFT(B34,6)))*(ci_hospitais_internacao!$B:$B=C34), 0)), "")} -> 4 | J34: {=IFERROR(INDEX(ci_pa_clinico!$C:$C, MATCH(1, (VALUE(LEFT(ci_pa_clinico!$A:$A,6))=VALUE(LEFT(B34,6)))*(ci_pa_clinico!$B:$B=C34), 0)), "")} -> 2 | K34: {=IFERROR(INDEX(aps_equipes_esf!$C:$C, MATCH(1, (VALUE(LEFT(aps_equipes_esf!$A:$A,6))=VALUE(LEFT(B34,6)))*(aps_equipes_esf!$B:$B=C34), 0)), "")} -> - | L34: {=IFERROR(INDEX(casos!$C:$C, MATCH(1, (VALUE(LEFT(casos!$A:$A,6))=VALUE(LEFT(B34,6)))*(casos!$B:$B=C34), 0)), "")} -> 247 | M34: {=IFERROR(INDEX(srag!$D:$D, MATCH(1, (VALUE(LEFT(srag!$A:$A,6))=VALUE(LEFT(B34,6)))*(srag!$C:$C=C34), 0)), "")} -> 1137 | N34: {=IFERROR(INDEX(fesp!$E:$E, MATCH(1, (VALUE(LEFT(fesp!$A:$A,6))=VALUE(LEFT(B34,6)))*(fesp!$C:$C=C34), 0)), "")} -> 128 | O34: {=IFERROR(INDEX(fesp!$F:$F, MATCH(1, (VALUE(LEFT(fesp!$A:$A,6))=VALUE(LEFT(B34,6)))*(fesp!$C:$C=C34), 0)), "")} -> 4923 | P34: {=IFERROR(INDEX(fesp!$G:$G, MATCH(1, (VALUE(LEFT(fesp!$A:$A,6))=VALUE(LEFT(B34,6)))*(fesp!$C:$C=C34), 0)), "")} -> 2291765 | Q34: {=IFERROR(INDEX(fesp!$H:$H, MATCH(1, (VALUE(LEFT(fesp!$A:$A,6))=VALUE(LEFT(B34,6)))*(fesp!$C:$C=C34), 0)), "")} -> 31 | R34: {=IFERROR(INDEX(fesp!$I:$I, MATCH(1, (VALUE(LEFT(fesp!$A:$A,6))=VALUE(LEFT(B34,6)))*(fesp!$C:$C=C34), 0)), "")} -> 0 | S34: {=IFERROR(INDEX(fesp!$J:$J, MATCH(1, (VALUE(LEFT(fesp!$A:$A,6))=VALUE(LEFT(B34,6)))*(fesp!$C:$C=C34), 0)), "")} -> 333
A35: Ananindeua (PA) | B35: 1500800 | C35: 2015 | D35: {=IFERROR(INDEX(fesp!$D:$D, MATCH(1, (VALUE(LEFT(fesp!$A:$A,6))=VALUE(LEFT(B35,6)))*(fesp!$C:$C=C35), 0)), "")} -> 505404 | E35: {=IFERROR(INDEX(ft_medicos_clinicos!$C:$C, MATCH(1, (VALUE(LEFT(ft_medicos_clinicos!$A:$A,6))=VALUE(LEFT(B35,6)))*(ft_medicos_clinicos!$B:$B=C35), 0)), "")} -> 143 | F35: {=IFERROR(INDEX(ft_enfermeiros!$C:$C, MATCH(1, (VALUE(LEFT(ft_enfermeiros!$A:$A,6))=VALUE(LEFT(B35,6)))*(ft_enfermeiros!$B:$B=C35), 0)), "")} -> 249 | G35: {=IFERROR(INDEX(ft_equipes_acs!$C:$C, MATCH(1, (VALUE(LEFT(ft_equipes_acs!$A:$A,6))=VALUE(LEFT(B35,6)))*(ft_equipes_acs!$B:$B=C35), 0)), "")} -> 14 | H35: {=IFERROR(INDEX(ci_leitos_internacao!$C:$C, MATCH(1, (VALUE(LEFT(ci_leitos_internacao!$A:$A,6))=VALUE(LEFT(B35,6)))*(ci_leitos_internacao!$B:$B=C35), 0)), "")} -> 994 | I35: {=IFERROR(INDEX(ci_hospitais_internacao!$C:$C, MATCH(1, (VALUE(LEFT(ci_hospitais_internacao!$A:$A,6))=VALUE(LEFT(B35,6)))*(ci_hospitais_internacao!$B:$B=C35), 0)), "")} -> 5 | J35: {=IFERROR(INDEX(ci_pa_clinico!$C:$C, MATCH(1, (VALUE(LEFT(ci_pa_clinico!$A:$A,6))=VALUE(LEFT(B35,6)))*(ci_pa_clinico!$B:$B=C35), 0)), "")} -> - | K35: {=IFERROR(INDEX(aps_equipes_esf!$C:$C, MATCH(1, (VALUE(LEFT(aps_equipes_esf!$A:$A,6))=VALUE(LEFT(B35,6)))*(aps_equipes_esf!$B:$B=C35), 0)), "")} -> 83 | L35: {=IFERROR(INDEX(casos!$C:$C, MATCH(1, (VALUE(LEFT(casos!$A:$A,6))=VALUE(LEFT(B35,6)))*(casos!$B:$B=C35), 0)), "")} -> 405 | M35: {=IFERROR(INDEX(srag!$D:$D, MATCH(1, (VALUE(LEFT(srag!$A:$A,6))=VALUE(LEFT(B35,6)))*(srag!$C:$C=C35), 0)), "")} -> 18 | N35: {=IFERROR(INDEX(fesp!$E:$E, MATCH(1, (VALUE(LEFT(fesp!$A:$A,6))=VALUE(LEFT(B35,6)))*(fesp!$C:$C=C35), 0)), "")} -> 232 | O35: {=IFERROR(INDEX(fesp!$F:$F, MATCH(1, (VALUE(LEFT(fesp!$A:$A,6))=VALUE(LEFT(B35,6)))*(fesp!$C:$C=C35), 0)), "")} -> 2304 | P35: {=IFERROR(INDEX(fesp!$G:$G, MATCH(1, (VALUE(LEFT(fesp!$A:$A,6))=VALUE(LEFT(B35,6)))*(fesp!$C:$C=C35), 0)), "")} -> 2000934 | Q35: {=IFERROR(INDEX(fesp!$H:$H, MATCH(1, (VALUE(LEFT(fesp!$A:$A,6))=VALUE(LEFT(B35,6)))*(fesp!$C:$C=C35), 0)), "")} -> 188 | R35: {=IFERROR(INDEX(fesp!$I:$I, MATCH(1, (VALUE(LEFT(fesp!$A:$A,6))=VALUE(LEFT(B35,6)))*(fesp!$C:$C=C35), 0)), "")} -> 57160 | S35: {=IFERROR(INDEX(fesp!$J:$J, MATCH(1, (VALUE(LEFT(fesp!$A:$A,6))=VALUE(LEFT(B35,6)))*(fesp!$C:$C=C35), 0)), "")} -> 356665
A36: Ananindeua (PA) | B36: 1500800 | C36: 2016 | D36: {=IFERROR(INDEX(fesp!$D:$D, MATCH(1, (VALUE(LEFT(fesp!$A:$A,6))=VALUE(LEFT(B36,6)))*(fesp!$C:$C=C36), 0)), "")} -> 0 | E36: {=IFERROR(INDEX(ft_medicos_clinicos!$C:$C, MATCH(1, (VALUE(LEFT(ft_medicos_clinicos!$A:$A,6))=VALUE(LEFT(B36,6)))*(ft_medicos_clinicos!$B:$B=C36), 0)), "")} -> 133 | F36: {=IFERROR(INDEX(ft_enfermeiros!$C:$C, MATCH(1, (VALUE(LEFT(ft_enfermeiros!$A:$A,6))=VALUE(LEFT(B36,6)))*(ft_enfermeiros!$B:$B=C36), 0)), "")} -> 268 | G36: {=IFERROR(INDEX(ft_equipes_acs!$C:$C, MATCH(1, (VALUE(LEFT(ft_equipes_acs!$A:$A,6))=VALUE(LEFT(B36,6)))*(ft_equipes_acs!$B:$B=C36), 0)), "")} -> 15 | H36: {=IFERROR(INDEX(ci_leitos_internacao!$C:$C, MATCH(1, (VALUE(LEFT(ci_leitos_internacao!$A:$A,6))=VALUE(LEFT(B36,6)))*(ci_leitos_internacao!$B:$B=C36), 0)), "")} -> 990 | I36: {=IFERROR(INDEX(ci_hospitais_internacao!$C:$C, MATCH(1, (VALUE(LEFT(ci_hospitais_internacao!$A:$A,6))=VALUE(LEFT(B36,6)))*(ci_hospitais_internacao!$B:$B=C36), 0)), "")} -> 5 | J36: {=IFERROR(INDEX(ci_pa_clinico!$C:$C, MATCH(1, (VALUE(LEFT(ci_pa_clinico!$A:$A,6))=VALUE(LEFT(B36,6)))*(ci_pa_clinico!$B:$B=C36), 0)), "")} -> - | K36: {=IFERROR(INDEX(aps_equipes_esf!$C:$C, MATCH(1, (VALUE(LEFT(aps_equipes_esf!$A:$A,6))=VALUE(LEFT(B36,6)))*(aps_equipes_esf!$B:$B=C36), 0)), "")} -> 78 | L36: {=IFERROR(INDEX(casos!$C:$C, MATCH(1, (VALUE(LEFT(casos!$A:$A,6))=VALUE(LEFT(B36,6)))*(casos!$B:$B=C36), 0)), "")} -> 312 | M36: {=IFERROR(INDEX(srag!$D:$D, MATCH(1, (VALUE(LEFT(srag!$A:$A,6))=VALUE(LEFT(B36,6)))*(srag!$C:$C=C36), 0)), "")} -> 58 | N36: {=IFERROR(INDEX(fesp!$E:$E, MATCH(1, (VALUE(LEFT(fesp!$A:$A,6))=VALUE(LEFT(B36,6)))*(fesp!$C:$C=C36), 0)), "")} -> 283 | O36: {=IFERROR(INDEX(fesp!$F:$F, MATCH(1, (VALUE(LEFT(fesp!$A:$A,6))=VALUE(LEFT(B36,6)))*(fesp!$C:$C=C36), 0)), "")} -> 2055 | P36: {=IFERROR(INDEX(fesp!$G:$G, MATCH(1, (VALUE(LEFT(fesp!$A:$A,6))=VALUE(LEFT(B36,6)))*(fesp!$C:$C=C36), 0)), "")} -> 1165564 | Q36: {=IFERROR(INDEX(fesp!$H:$H, MATCH(1, (VALUE(LEFT(fesp!$A:$A,6))=VALUE(LEFT(B36,6)))*(fesp!$C:$C=C36), 0)), "")} -> 198 | R36: {=IFERROR(INDEX(fesp!$I:$I, MATCH(1, (VALUE(LEFT(fesp!$A:$A,6))=VALUE(LEFT(B36,6)))*(fesp!$C:$C=C36), 0)), "")} -> 235152 | S36: {=IFERROR(INDEX(fesp!$J:$J, MATCH(1, (VALUE(LEFT(fesp!$A:$A,6))=VALUE(LEFT(B36,6)))*(fesp!$C:$C=C36), 0)), "")} -> 373805
A37: Ananindeua (PA) | B37: 1500800 | C37: 2017 | D37: {=IFERROR(INDEX(fesp!$D:$D, MATCH(1, (VALUE(LEFT(fesp!$A:$A,6))=VALUE(LEFT(B37,6)))*(fesp!$C:$C=C37), 0)), "")} -> 0 | E37: {=IFERROR(INDEX(ft_medicos_clinicos!$C:$C, MATCH(1, (VALUE(LEFT(ft_medicos_clinicos!$A:$A,6))=VALUE(LEFT(B37,6)))*(ft_medicos_clinicos!$B:$B=C37), 0)), "")} -> 131 | F37: {=IFERROR(INDEX(ft_enfermeiros!$C:$C, MATCH(1, (VALUE(LEFT(ft_enfermeiros!$A:$A,6))=VALUE(LEFT(B37,6)))*(ft_enfermeiros!$B:$B=C37), 0)), "")} -> 287 | G37: {=IFERROR(INDEX(ft_equipes_acs!$C:$C, MATCH(1, (VALUE(LEFT(ft_equipes_acs!$A:$A,6))=VALUE(LEFT(B37,6)))*(ft_equipes_acs!$B:$B=C37), 0)), "")} -> 14 | H37: {=IFERROR(INDEX(ci_leitos_internacao!$C:$C, MATCH(1, (VALUE(LEFT(ci_leitos_internacao!$A:$A,6))=VALUE(LEFT(B37,6)))*(ci_leitos_internacao!$B:$B=C37), 0)), "")} -> 916 | I37: {=IFERROR(INDEX(ci_hospitais_internacao!$C:$C, MATCH(1, (VALUE(LEFT(ci_hospitais_internacao!$A:$A,6))=VALUE(LEFT(B37,6)))*(ci_hospitais_internacao!$B:$B=C37), 0)), "")} -> 5 | J37: {=IFERROR(INDEX(ci_pa_clinico!$C:$C, MATCH(1, (VALUE(LEFT(ci_pa_clinico!$A:$A,6))=VALUE(LEFT(B37,6)))*(ci_pa_clinico!$B:$B=C37), 0)), "")} -> - | K37: {=IFERROR(INDEX(aps_equipes_esf!$C:$C, MATCH(1, (VALUE(LEFT(aps_equipes_esf!$A:$A,6))=VALUE(LEFT(B37,6)))*(aps_equipes_esf!$B:$B=C37), 0)), "")} -> 78 | L37: {=IFERROR(INDEX(casos!$C:$C, MATCH(1, (VALUE(LEFT(casos!$A:$A,6))=VALUE(LEFT(B37,6)))*(casos!$B:$B=C37), 0)), "")} -> 69 | M37: {=IFERROR(INDEX(srag!$D:$D, MATCH(1, (VALUE(LEFT(srag!$A:$A,6))=VALUE(LEFT(B37,6)))*(srag!$C:$C=C37), 0)), "")} -> 32 | N37: {=IFERROR(INDEX(fesp!$E:$E, MATCH(1, (VALUE(LEFT(fesp!$A:$A,6))=VALUE(LEFT(B37,6)))*(fesp!$C:$C=C37), 0)), "")} -> 400 | O37: {=IFERROR(INDEX(fesp!$F:$F, MATCH(1, (VALUE(LEFT(fesp!$A:$A,6))=VALUE(LEFT(B37,6)))*(fesp!$C:$C=C37), 0)), "")} -> 2222 | P37: {=IFERROR(INDEX(fesp!$G:$G, MATCH(1, (VALUE(LEFT(fesp!$A:$A,6))=VALUE(LEFT(B37,6)))*(fesp!$C:$C=C37), 0)), "")} -> 1010123 | Q37: {=IFERROR(INDEX(fesp!$H:$H, MATCH(1, (VALUE(LEFT(fesp!$A:$A,6))=VALUE(LEFT(B37,6)))*(fesp!$C:$C=C37), 0)), "")} -> 261 | R37: {=IFERROR(INDEX(fesp!$I:$I, MATCH(1, (VALUE(LEFT(fesp!$A:$A,6))=VALUE(LEFT(B37,6)))*(fesp!$C:$C=C37), 0)), "")} -> 38595 | S37: {=IFERROR(INDEX(fesp!$J:$J, MATCH(1, (VALUE(LEFT(fesp!$A:$A,6))=VALUE(LEFT(B37,6)))*(fesp!$C:$C=C37), 0)), "")} -> 175757
A38: Ananindeua (PA) | B38: 1500800 | C38: 2018 | D38: {=IFERROR(INDEX(fesp!$D:$D, MATCH(1, (VALUE(LEFT(fesp!$A:$A,6))=VALUE(LEFT(B38,6)))*(fesp!$C:$C=C38), 0)), "")} -> 0 | E38: {=IFERROR(INDEX(ft_medicos_clinicos!$C:$C, MATCH(1, (VALUE(LEFT(ft_medicos_clinicos!$A:$A,6))=VALUE(LEFT(B38,6)))*(ft_medicos_clinicos!$B:$B=C38), 0)), "")} -> 151 | F38: {=IFERROR(INDEX(ft_enfermeiros!$C:$C, MATCH(1, (VALUE(LEFT(ft_enfermeiros!$A:$A,6))=VALUE(LEFT(B38,6)))*(ft_enfermeiros!$B:$B=C38), 0)), "")} -> 307 | G38: {=IFERROR(INDEX(ft_equipes_acs!$C:$C, MATCH(1, (VALUE(LEFT(ft_equipes_acs!$A:$A,6))=VALUE(LEFT(B38,6)))*(ft_equipes_acs!$B:$B=C38), 0)), "")} -> 18 | H38: {=IFERROR(INDEX(ci_leitos_internacao!$C:$C, MATCH(1, (VALUE(LEFT(ci_leitos_internacao!$A:$A,6))=VALUE(LEFT(B38,6)))*(ci_leitos_internacao!$B:$B=C38), 0)), "")} -> 842 | I38: {=IFERROR(INDEX(ci_hospitais_internacao!$C:$C, MATCH(1, (VALUE(LEFT(ci_hospitais_internacao!$A:$A,6))=VALUE(LEFT(B38,6)))*(ci_hospitais_internacao!$B:$B=C38), 0)), "")} -> 5 | J38: {=IFERROR(INDEX(ci_pa_clinico!$C:$C, MATCH(1, (VALUE(LEFT(ci_pa_clinico!$A:$A,6))=VALUE(LEFT(B38,6)))*(ci_pa_clinico!$B:$B=C38), 0)), "")} -> - | K38: {=IFERROR(INDEX(aps_equipes_esf!$C:$C, MATCH(1, (VALUE(LEFT(aps_equipes_esf!$A:$A,6))=VALUE(LEFT(B38,6)))*(aps_equipes_esf!$B:$B=C38), 0)), "")} -> 80 | L38: {=IFERROR(INDEX(casos!$C:$C, MATCH(1, (VALUE(LEFT(casos!$A:$A,6))=VALUE(LEFT(B38,6)))*(casos!$B:$B=C38), 0)), "")} -> 80 | M38: {=IFERROR(INDEX(srag!$D:$D, MATCH(1, (VALUE(LEFT(srag!$A:$A,6))=VALUE(LEFT(B38,6)))*(srag!$C:$C=C38), 0)), "")} -> 54 | N38: {=IFERROR(INDEX(fesp!$E:$E, MATCH(1, (VALUE(LEFT(fesp!$A:$A,6))=VALUE(LEFT(B38,6)))*(fesp!$C:$C=C38), 0)), "")} -> 478 | O38: {=IFERROR(INDEX(fesp!$F:$F, MATCH(1, (VALUE(LEFT(fesp!$A:$A,6))=VALUE(LEFT(B38,6)))*(fesp!$C:$C=C38), 0)), "")} -> 2957 | P38: {=IFERROR(INDEX(fesp!$G:$G, MATCH(1, (VALUE(LEFT(fesp!$A:$A,6))=VALUE(LEFT(B38,6)))*(fesp!$C:$C=C38), 0)), "")} -> 1154050 | Q38: {=IFERROR(INDEX(fesp!$H:$H, MATCH(1, (VALUE(LEFT(fesp!$A:$A,6))=VALUE(LEFT(B38,6)))*(fesp!$C:$C=C38), 0)), "")} -> 349 | R38: {=IFERROR(INDEX(fesp!$I:$I, MATCH(1, (VALUE(LEFT(fesp!$A:$A,6))=VALUE(LEFT(B38,6)))*(fesp!$C:$C=C38), 0)), "")} -> 2802 | S38: {=IFERROR(INDEX(fesp!$J:$J, MATCH(1, (VALUE(LEFT(fesp!$A:$A,6))=VALUE(LEFT(B38,6)))*(fesp!$C:$C=C38), 0)), "")} -> 24430
A39: Ananindeua (PA) | B39: 1500800 | C39: 2019 | D39: {=IFERROR(INDEX(fesp!$D:$D, MATCH(1, (VALUE(LEFT(fesp!$A:$A,6))=VALUE(LEFT(B39,6)))*(fesp!$C:$C=C39), 0)), "")} -> 0 | E39: {=IFERROR(INDEX(ft_medicos_clinicos!$C:$C, MATCH(1, (VALUE(LEFT(ft_medicos_clinicos!$A:$A,6))=VALUE(LEFT(B39,6)))*(ft_medicos_clinicos!$B:$B=C39), 0)), "")} -> 209 | F39: {=IFERROR(INDEX(ft_enfermeiros!$C:$C, MATCH(1, (VALUE(LEFT(ft_enfermeiros!$A:$A,6))=VALUE(LEFT(B39,6)))*(ft_enfermeiros!$B:$B=C39), 0)), "")} -> 385 | G39: {=IFERROR(INDEX(ft_equipes_acs!$C:$C, MATCH(1, (VALUE(LEFT(ft_equipes_acs!$A:$A,6))=VALUE(LEFT(B39,6)))*(ft_equipes_acs!$B:$B=C39), 0)), "")} -> 13 | H39: {=IFERROR(INDEX(ci_leitos_internacao!$C:$C, MATCH(1, (VALUE(LEFT(ci_leitos_internacao!$A:$A,6))=VALUE(LEFT(B39,6)))*(ci_leitos_internacao!$B:$B=C39), 0)), "")} -> 853 | I39: {=IFERROR(INDEX(ci_hospitais_internacao!$C:$C, MATCH(1, (VALUE(LEFT(ci_hospitais_internacao!$A:$A,6))=VALUE(LEFT(B39,6)))*(ci_hospitais_internacao!$B:$B=C39), 0)), "")} -> 5 | J39: {=IFERROR(INDEX(ci_pa_clinico!$C:$C, MATCH(1, (VALUE(LEFT(ci_pa_clinico!$A:$A,6))=VALUE(LEFT(B39,6)))*(ci_pa_clinico!$B:$B=C39), 0)), "")} -> - | K39: {=IFERROR(INDEX(aps_equipes_esf!$C:$C, MATCH(1, (VALUE(LEFT(aps_equipes_esf!$A:$A,6))=VALUE(LEFT(B39,6)))*(aps_equipes_esf!$B:$B=C39), 0)), "")} -> 87 | L39: {=IFERROR(INDEX(casos!$C:$C, MATCH(1, (VALUE(LEFT(casos!$A:$A,6))=VALUE(LEFT(B39,6)))*(casos!$B:$B=C39), 0)), "")} -> 68 | M39: {=IFERROR(INDEX(srag!$D:$D, MATCH(1, (VALUE(LEFT(srag!$A:$A,6))=VALUE(LEFT(B39,6)))*(srag!$C:$C=C39), 0)), "")} -> 59 | N39: {=IFERROR(INDEX(fesp!$E:$E, MATCH(1, (VALUE(LEFT(fesp!$A:$A,6))=VALUE(LEFT(B39,6)))*(fesp!$C:$C=C39), 0)), "")} -> 658 | O39: {=IFERROR(INDEX(fesp!$F:$F, MATCH(1, (VALUE(LEFT(fesp!$A:$A,6))=VALUE(LEFT(B39,6)))*(fesp!$C:$C=C39), 0)), "")} -> 4314 | P39: {=IFERROR(INDEX(fesp!$G:$G, MATCH(1, (VALUE(LEFT(fesp!$A:$A,6))=VALUE(LEFT(B39,6)))*(fesp!$C:$C=C39), 0)), "")} -> 1099233 | Q39: {=IFERROR(INDEX(fesp!$H:$H, MATCH(1, (VALUE(LEFT(fesp!$A:$A,6))=VALUE(LEFT(B39,6)))*(fesp!$C:$C=C39), 0)), "")} -> 421 | R39: {=IFERROR(INDEX(fesp!$I:$I, MATCH(1, (VALUE(LEFT(fesp!$A:$A,6))=VALUE(LEFT(B39,6)))*(fesp!$C:$C=C39), 0)), "")} -> 476 | S39: {=IFERROR(INDEX(fesp!$J:$J, MATCH(1, (VALUE(LEFT(fesp!$A:$A,6))=VALUE(LEFT(B39,6)))*(fesp!$C:$C=C39), 0)), "")} -> 64404
A40: Ananindeua (PA) | B40: 1500800 | C40: 2020 | D40: {=IFERROR(INDEX(fesp!$D:$D, MATCH(1, (VALUE(LEFT(fesp!$A:$A,6))=VALUE(LEFT(B40,6)))*(fesp!$C:$C=C40), 0)), "")} -> 0 | E40: {=IFERROR(INDEX(ft_medicos_clinicos!$C:$C, MATCH(1, (VALUE(LEFT(ft_medicos_clinicos!$A:$A,6))=VALUE(LEFT(B40,6)))*(ft_medicos_clinicos!$B:$B=C40), 0)), "")} -> 248 | F40: {=IFERROR(INDEX(ft_enfermeiros!$C:$C, MATCH(1, (VALUE(LEFT(ft_enfermeiros!$A:$A,6))=VALUE(LEFT(B40,6)))*(ft_enfermeiros!$B:$B=C40), 0)), "")} -> 401 | G40: {=IFERROR(INDEX(ft_equipes_acs!$C:$C, MATCH(1, (VALUE(LEFT(ft_equipes_acs!$A:$A,6))=VALUE(LEFT(B40,6)))*(ft_equipes_acs!$B:$B=C40), 0)), "")} -> - | H40: {=IFERROR(INDEX(ci_leitos_internacao!$C:$C, MATCH(1, (VALUE(LEFT(ci_leitos_internacao!$A:$A,6))=VALUE(LEFT(B40,6)))*(ci_leitos_internacao!$B:$B=C40), 0)), "")} -> 829 | I40: {=IFERROR(INDEX(ci_hospitais_internacao!$C:$C, MATCH(1, (VALUE(LEFT(ci_hospitais_internacao!$A:$A,6))=VALUE(LEFT(B40,6)))*(ci_hospitais_internacao!$B:$B=C40), 0)), "")} -> 5 | J40: {=IFERROR(INDEX(ci_pa_clinico!$C:$C, MATCH(1, (VALUE(LEFT(ci_pa_clinico!$A:$A,6))=VALUE(LEFT(B40,6)))*(ci_pa_clinico!$B:$B=C40), 0)), "")} -> - | K40: {=IFERROR(INDEX(aps_equipes_esf!$C:$C, MATCH(1, (VALUE(LEFT(aps_equipes_esf!$A:$A,6))=VALUE(LEFT(B40,6)))*(aps_equipes_esf!$B:$B=C40), 0)), "")} -> - | L40: {=IFERROR(INDEX(casos!$C:$C, MATCH(1, (VALUE(LEFT(casos!$A:$A,6))=VALUE(LEFT(B40,6)))*(casos!$B:$B=C40), 0)), "")} -> 44 | M40: {=IFERROR(INDEX(srag!$D:$D, MATCH(1, (VALUE(LEFT(srag!$A:$A,6))=VALUE(LEFT(B40,6)))*(srag!$C:$C=C40), 0)), "")} -> 1959 | N40: {=IFERROR(INDEX(fesp!$E:$E, MATCH(1, (VALUE(LEFT(fesp!$A:$A,6))=VALUE(LEFT(B40,6)))*(fesp!$C:$C=C40), 0)), "")} -> 522 | O40: {=IFERROR(INDEX(fesp!$F:$F, MATCH(1, (VALUE(LEFT(fesp!$A:$A,6))=VALUE(LEFT(B40,6)))*(fesp!$C:$C=C40), 0)), "")} -> 5148 | P40: {=IFERROR(INDEX(fesp!$G:$G, MATCH(1, (VALUE(LEFT(fesp!$A:$A,6))=VALUE(LEFT(B40,6)))*(fesp!$C:$C=C40), 0)), "")} -> 1264142 | Q40: {=IFERROR(INDEX(fesp!$H:$H, MATCH(1, (VALUE(LEFT(fesp!$A:$A,6))=VALUE(LEFT(B40,6)))*(fesp!$C:$C=C40), 0)), "")} -> 266 | R40: {=IFERROR(INDEX(fesp!$I:$I, MATCH(1, (VALUE(LEFT(fesp!$A:$A,6))=VALUE(LEFT(B40,6)))*(fesp!$C:$C=C40), 0)), "")} -> 0 | S40: {=IFERROR(INDEX(fesp!$J:$J, MATCH(1, (VALUE(LEFT(fesp!$A:$A,6))=VALUE(LEFT(B40,6)))*(fesp!$C:$C=C40), 0)), "")} -> 4610
A41: Ananindeua (PA) | B41: 1500800 | C41: 2021 | D41: {=IFERROR(INDEX(fesp!$D:$D, MATCH(1, (VALUE(LEFT(fesp!$A:$A,6))=VALUE(LEFT(B41,6)))*(fesp!$C:$C=C41), 0)), "")} -> 0 | E41: {=IFERROR(INDEX(ft_medicos_clinicos!$C:$C, MATCH(1, (VALUE(LEFT(ft_medicos_clinicos!$A:$A,6))=VALUE(LEFT(B41,6)))*(ft_medicos_clinicos!$B:$B=C41), 0)), "")} -> 277 | F41: {=IFERROR(INDEX(ft_enfermeiros!$C:$C, MATCH(1, (VALUE(LEFT(ft_enfermeiros!$A:$A,6))=VALUE(LEFT(B41,6)))*(ft_enfermeiros!$B:$B=C41), 0)), "")} -> 387 | G41: {=IFERROR(INDEX(ft_equipes_acs!$C:$C, MATCH(1, (VALUE(LEFT(ft_equipes_acs!$A:$A,6))=VALUE(LEFT(B41,6)))*(ft_equipes_acs!$B:$B=C41), 0)), "")} -> - | H41: {=IFERROR(INDEX(ci_leitos_internacao!$C:$C, MATCH(1, (VALUE(LEFT(ci_leitos_internacao!$A:$A,6))=VALUE(LEFT(B41,6)))*(ci_leitos_internacao!$B:$B=C41), 0)), "")} -> 829 | I41: {=IFERROR(INDEX(ci_hospitais_internacao!$C:$C, MATCH(1, (VALUE(LEFT(ci_hospitais_internacao!$A:$A,6))=VALUE(LEFT(B41,6)))*(ci_hospitais_internacao!$B:$B=C41), 0)), "")} -> 5 | J41: {=IFERROR(INDEX(ci_pa_clinico!$C:$C, MATCH(1, (VALUE(LEFT(ci_pa_clinico!$A:$A,6))=VALUE(LEFT(B41,6)))*(ci_pa_clinico!$B:$B=C41), 0)), "")} -> - | K41: {=IFERROR(INDEX(aps_equipes_esf!$C:$C, MATCH(1, (VALUE(LEFT(aps_equipes_esf!$A:$A,6))=VALUE(LEFT(B41,6)))*(aps_equipes_esf!$B:$B=C41), 0)), "")} -> - | L41: {=IFERROR(INDEX(casos!$C:$C, MATCH(1, (VALUE(LEFT(casos!$A:$A,6))=VALUE(LEFT(B41,6)))*(casos!$B:$B=C41), 0)), "")} -> 17 | M41: {=IFERROR(INDEX(srag!$D:$D, MATCH(1, (VALUE(LEFT(srag!$A:$A,6))=VALUE(LEFT(B41,6)))*(srag!$C:$C=C41), 0)), "")} -> 1503 | N41: {=IFERROR(INDEX(fesp!$E:$E, MATCH(1, (VALUE(LEFT(fesp!$A:$A,6))=VALUE(LEFT(B41,6)))*(fesp!$C:$C=C41), 0)), "")} -> 53 | O41: {=IFERROR(INDEX(fesp!$F:$F, MATCH(1, (VALUE(LEFT(fesp!$A:$A,6))=VALUE(LEFT(B41,6)))*(fesp!$C:$C=C41), 0)), "")} -> 5052 | P41: {=IFERROR(INDEX(fesp!$G:$G, MATCH(1, (VALUE(LEFT(fesp!$A:$A,6))=VALUE(LEFT(B41,6)))*(fesp!$C:$C=C41), 0)), "")} -> 1187597 | Q41: {=IFERROR(INDEX(fesp!$H:$H, MATCH(1, (VALUE(LEFT(fesp!$A:$A,6))=VALUE(LEFT(B41,6)))*(fesp!$C:$C=C41), 0)), "")} -> 62 | R41: {=IFERROR(INDEX(fesp!$I:$I, MATCH(1, (VALUE(LEFT(fesp!$A:$A,6))=VALUE(LEFT(B41,6)))*(fesp!$C:$C=C41), 0)), "")} -> 0 | S41: {=IFERROR(INDEX(fesp!$J:$J, MATCH(1, (VALUE(LEFT(fesp!$A:$A,6))=VALUE(LEFT(B41,6)))*(fesp!$C:$C=C41), 0)), "")} -> 518
A42: Ananindeua (PA) | B42: 1500800 | C42: 2022 | D42: {=IFERROR(INDEX(fesp!$D:$D, MATCH(1, (VALUE(LEFT(fesp!$A:$A,6))=VALUE(LEFT(B42,6)))*(fesp!$C:$C=C42), 0)), "")} -> 478778 | E42: {=IFERROR(INDEX(ft_medicos_clinicos!$C:$C, MATCH(1, (VALUE(LEFT(ft_medicos_clinicos!$A:$A,6))=VALUE(LEFT(B42,6)))*(ft_medicos_clinicos!$B:$B=C42), 0)), "")} -> 287 | F42: {=IFERROR(INDEX(ft_enfermeiros!$C:$C, MATCH(1, (VALUE(LEFT(ft_enfermeiros!$A:$A,6))=VALUE(LEFT(B42,6)))*(ft_enfermeiros!$B:$B=C42), 0)), "")} -> 396 | G42: {=IFERROR(INDEX(ft_equipes_acs!$C:$C, MATCH(1, (VALUE(LEFT(ft_equipes_acs!$A:$A,6))=VALUE(LEFT(B42,6)))*(ft_equipes_acs!$B:$B=C42), 0)), "")} -> - | H42: {=IFERROR(INDEX(ci_leitos_internacao!$C:$C, MATCH(1, (VALUE(LEFT(ci_leitos_internacao!$A:$A,6))=VALUE(LEFT(B42,6)))*(ci_leitos_internacao!$B:$B=C42), 0)), "")} -> 868 | I42: {=IFERROR(INDEX(ci_hospitais_internacao!$C:$C, MATCH(1, (VALUE(LEFT(ci_hospitais_internacao!$A:$A,6))=VALUE(LEFT(B42,6)))*(ci_hospitais_internacao!$B:$B=C42), 0)), "")} -> 5 | J42: {=IFERROR(INDEX(ci_pa_clinico!$C:$C, MATCH(1, (VALUE(LEFT(ci_pa_clinico!$A:$A,6))=VALUE(LEFT(B42,6)))*(ci_pa_clinico!$B:$B=C42), 0)), "")} -> - | K42: {=IFERROR(INDEX(aps_equipes_esf!$C:$C, MATCH(1, (VALUE(LEFT(aps_equipes_esf!$A:$A,6))=VALUE(LEFT(B42,6)))*(aps_equipes_esf!$B:$B=C42), 0)), "")} -> - | L42: {=IFERROR(INDEX(casos!$C:$C, MATCH(1, (VALUE(LEFT(casos!$A:$A,6))=VALUE(LEFT(B42,6)))*(casos!$B:$B=C42), 0)), "")} -> 53 | M42: {=IFERROR(INDEX(srag!$D:$D, MATCH(1, (VALUE(LEFT(srag!$A:$A,6))=VALUE(LEFT(B42,6)))*(srag!$C:$C=C42), 0)), "")} -> 169 | N42: {=IFERROR(INDEX(fesp!$E:$E, MATCH(1, (VALUE(LEFT(fesp!$A:$A,6))=VALUE(LEFT(B42,6)))*(fesp!$C:$C=C42), 0)), "")} -> 27 | O42: {=IFERROR(INDEX(fesp!$F:$F, MATCH(1, (VALUE(LEFT(fesp!$A:$A,6))=VALUE(LEFT(B42,6)))*(fesp!$C:$C=C42), 0)), "")} -> 4751 | P42: {=IFERROR(INDEX(fesp!$G:$G, MATCH(1, (VALUE(LEFT(fesp!$A:$A,6))=VALUE(LEFT(B42,6)))*(fesp!$C:$C=C42), 0)), "")} -> 2407971 | Q42: {=IFERROR(INDEX(fesp!$H:$H, MATCH(1, (VALUE(LEFT(fesp!$A:$A,6))=VALUE(LEFT(B42,6)))*(fesp!$C:$C=C42), 0)), "")} -> 19 | R42: {=IFERROR(INDEX(fesp!$I:$I, MATCH(1, (VALUE(LEFT(fesp!$A:$A,6))=VALUE(LEFT(B42,6)))*(fesp!$C:$C=C42), 0)), "")} -> 0 | S42: {=IFERROR(INDEX(fesp!$J:$J, MATCH(1, (VALUE(LEFT(fesp!$A:$A,6))=VALUE(LEFT(B42,6)))*(fesp!$C:$C=C42), 0)), "")} -> 0
A43: Ananindeua (PA) | B43: 1500800 | C43: 2023 | D43: {=IFERROR(INDEX(fesp!$D:$D, MATCH(1, (VALUE(LEFT(fesp!$A:$A,6))=VALUE(LEFT(B43,6)))*(fesp!$C:$C=C43), 0)), "")} -> 0 | E43: {=IFERROR(INDEX(ft_medicos_clinicos!$C:$C, MATCH(1, (VALUE(LEFT(ft_medicos_clinicos!$A:$A,6))=VALUE(LEFT(B43,6)))*(ft_medicos_clinicos!$B:$B=C43), 0)), "")} -> 274 | F43: {=IFERROR(INDEX(ft_enfermeiros!$C:$C, MATCH(1, (VALUE(LEFT(ft_enfermeiros!$A:$A,6))=VALUE(LEFT(B43,6)))*(ft_enfermeiros!$B:$B=C43), 0)), "")} -> 438 | G43: {=IFERROR(INDEX(ft_equipes_acs!$C:$C, MATCH(1, (VALUE(LEFT(ft_equipes_acs!$A:$A,6))=VALUE(LEFT(B43,6)))*(ft_equipes_acs!$B:$B=C43), 0)), "")} -> - | H43: {=IFERROR(INDEX(ci_leitos_internacao!$C:$C, MATCH(1, (VALUE(LEFT(ci_leitos_internacao!$A:$A,6))=VALUE(LEFT(B43,6)))*(ci_leitos_internacao!$B:$B=C43), 0)), "")} -> 866 | I43: {=IFERROR(INDEX(ci_hospitais_internacao!$C:$C, MATCH(1, (VALUE(LEFT(ci_hospitais_internacao!$A:$A,6))=VALUE(LEFT(B43,6)))*(ci_hospitais_internacao!$B:$B=C43), 0)), "")} -> 5 | J43: {=IFERROR(INDEX(ci_pa_clinico!$C:$C, MATCH(1, (VALUE(LEFT(ci_pa_clinico!$A:$A,6))=VALUE(LEFT(B43,6)))*(ci_pa_clinico!$B:$B=C43), 0)), "")} -> - | K43: {=IFERROR(INDEX(aps_equipes_esf!$C:$C, MATCH(1, (VALUE(LEFT(aps_equipes_esf!$A:$A,6))=VALUE(LEFT(B43,6)))*(aps_equipes_esf!$B:$B=C43), 0)), "")} -> - | L43: {=IFERROR(INDEX(casos!$C:$C, MATCH(1, (VALUE(LEFT(casos!$A:$A,6))=VALUE(LEFT(B43,6)))*(casos!$B:$B=C43), 0)), "")} -> 66 | M43: {=IFERROR(INDEX(srag!$D:$D, MATCH(1, (VALUE(LEFT(srag!$A:$A,6))=VALUE(LEFT(B43,6)))*(srag!$C:$C=C43), 0)), "")} -> 247 | N43: {=IFERROR(INDEX(fesp!$E:$E, MATCH(1, (VALUE(LEFT(fesp!$A:$A,6))=VALUE(LEFT(B43,6)))*(fesp!$C:$C=C43), 0)), "")} -> 21 | O43: {=IFERROR(INDEX(fesp!$F:$F, MATCH(1, (VALUE(LEFT(fesp!$A:$A,6))=VALUE(LEFT(B43,6)))*(fesp!$C:$C=C43), 0)), "")} -> 5414 | P43: {=IFERROR(INDEX(fesp!$G:$G, MATCH(1, (VALUE(LEFT(fesp!$A:$A,6))=VALUE(LEFT(B43,6)))*(fesp!$C:$C=C43), 0)), "")} -> 3505876 | Q43: {=IFERROR(INDEX(fesp!$H:$H, MATCH(1, (VALUE(LEFT(fesp!$A:$A,6))=VALUE(LEFT(B43,6)))*(fesp!$C:$C=C43), 0)), "")} -> 30 | R43: {=IFERROR(INDEX(fesp!$I:$I, MATCH(1, (VALUE(LEFT(fesp!$A:$A,6))=VALUE(LEFT(B43,6)))*(fesp!$C:$C=C43), 0)), "")} -> 0 | S43: {=IFERROR(INDEX(fesp!$J:$J, MATCH(1, (VALUE(LEFT(fesp!$A:$A,6))=VALUE(LEFT(B43,6)))*(fesp!$C:$C=C43), 0)), "")} -> 0
A44: Ananindeua (PA) | B44: 1500800 | C44: 2024 | D44: {=IFERROR(INDEX(fesp!$D:$D, MATCH(1, (VALUE(LEFT(fesp!$A:$A,6))=VALUE(LEFT(B44,6)))*(fesp!$C:$C=C44), 0)), "")} -> 0 | E44: {=IFERROR(INDEX(ft_medicos_clinicos!$C:$C, MATCH(1, (VALUE(LEFT(ft_medicos_clinicos!$A:$A,6))=VALUE(LEFT(B44,6)))*(ft_medicos_clinicos!$B:$B=C44), 0)), "")} -> 268 | F44: {=IFERROR(INDEX(ft_enfermeiros!$C:$C, MATCH(1, (VALUE(LEFT(ft_enfermeiros!$A:$A,6))=VALUE(LEFT(B44,6)))*(ft_enfermeiros!$B:$B=C44), 0)), "")} -> 467 | G44: {=IFERROR(INDEX(ft_equipes_acs!$C:$C, MATCH(1, (VALUE(LEFT(ft_equipes_acs!$A:$A,6))=VALUE(LEFT(B44,6)))*(ft_equipes_acs!$B:$B=C44), 0)), "")} -> - | H44: {=IFERROR(INDEX(ci_leitos_internacao!$C:$C, MATCH(1, (VALUE(LEFT(ci_leitos_internacao!$A:$A,6))=VALUE(LEFT(B44,6)))*(ci_leitos_internacao!$B:$B=C44), 0)), "")} -> 842 | I44: {=IFERROR(INDEX(ci_hospitais_internacao!$C:$C, MATCH(1, (VALUE(LEFT(ci_hospitais_internacao!$A:$A,6))=VALUE(LEFT(B44,6)))*(ci_hospitais_internacao!$B:$B=C44), 0)), "")} -> 5 | J44: {=IFERROR(INDEX(ci_pa_clinico!$C:$C, MATCH(1, (VALUE(LEFT(ci_pa_clinico!$A:$A,6))=VALUE(LEFT(B44,6)))*(ci_pa_clinico!$B:$B=C44), 0)), "")} -> 2 | K44: {=IFERROR(INDEX(aps_equipes_esf!$C:$C, MATCH(1, (VALUE(LEFT(aps_equipes_esf!$A:$A,6))=VALUE(LEFT(B44,6)))*(aps_equipes_esf!$B:$B=C44), 0)), "")} -> - | L44: {=IFERROR(INDEX(casos!$C:$C, MATCH(1, (VALUE(LEFT(casos!$A:$A,6))=VALUE(LEFT(B44,6)))*(casos!$B:$B=C44), 0)), "")} -> 558 | M44: {=IFERROR(INDEX(srag!$D:$D, MATCH(1, (VALUE(LEFT(srag!$A:$A,6))=VALUE(LEFT(B44,6)))*(srag!$C:$C=C44), 0)), "")} -> 309 | N44: {=IFERROR(INDEX(fesp!$E:$E, MATCH(1, (VALUE(LEFT(fesp!$A:$A,6))=VALUE(LEFT(B44,6)))*(fesp!$C:$C=C44), 0)), "")} -> 41 | O44: {=IFERROR(INDEX(fesp!$F:$F, MATCH(1, (VALUE(LEFT(fesp!$A:$A,6))=VALUE(LEFT(B44,6)))*(fesp!$C:$C=C44), 0)), "")} -> 3004 | P44: {=IFERROR(INDEX(fesp!$G:$G, MATCH(1, (VALUE(LEFT(fesp!$A:$A,6))=VALUE(LEFT(B44,6)))*(fesp!$C:$C=C44), 0)), "")} -> 3606032 | Q44: {=IFERROR(INDEX(fesp!$H:$H, MATCH(1, (VALUE(LEFT(fesp!$A:$A,6))=VALUE(LEFT(B44,6)))*(fesp!$C:$C=C44), 0)), "")} -> 41 | R44: {=IFERROR(INDEX(fesp!$I:$I, MATCH(1, (VALUE(LEFT(fesp!$A:$A,6))=VALUE(LEFT(B44,6)))*(fesp!$C:$C=C44), 0)), "")} -> 0 | S44: {=IFERROR(INDEX(fesp!$J:$J, MATCH(1, (VALUE(LEFT(fesp!$A:$A,6))=VALUE(LEFT(B44,6)))*(fesp!$C:$C=C44), 0)), "")} -> 0
A45: Ananindeua (PA) | B45: 1500800 | C45: 2025 | D45: {=IFERROR(INDEX(fesp!$D:$D, MATCH(1, (VALUE(LEFT(fesp!$A:$A,6))=VALUE(LEFT(B45,6)))*(fesp!$C:$C=C45), 0)), "")} -> 0 | E45: {=IFERROR(INDEX(ft_medicos_clinicos!$C:$C, MATCH(1, (VALUE(LEFT(ft_medicos_clinicos!$A:$A,6))=VALUE(LEFT(B45,6)))*(ft_medicos_clinicos!$B:$B=C45), 0)), "")} -> 203 | F45: {=IFERROR(INDEX(ft_enfermeiros!$C:$C, MATCH(1, (VALUE(LEFT(ft_enfermeiros!$A:$A,6))=VALUE(LEFT(B45,6)))*(ft_enfermeiros!$B:$B=C45), 0)), "")} -> 499 | G45: {=IFERROR(INDEX(ft_equipes_acs!$C:$C, MATCH(1, (VALUE(LEFT(ft_equipes_acs!$A:$A,6))=VALUE(LEFT(B45,6)))*(ft_equipes_acs!$B:$B=C45), 0)), "")} -> - | H45: {=IFERROR(INDEX(ci_leitos_internacao!$C:$C, MATCH(1, (VALUE(LEFT(ci_leitos_internacao!$A:$A,6))=VALUE(LEFT(B45,6)))*(ci_leitos_internacao!$B:$B=C45), 0)), "")} -> 748 | I45: {=IFERROR(INDEX(ci_hospitais_internacao!$C:$C, MATCH(1, (VALUE(LEFT(ci_hospitais_internacao!$A:$A,6))=VALUE(LEFT(B45,6)))*(ci_hospitais_internacao!$B:$B=C45), 0)), "")} -> 4 | J45: {=IFERROR(INDEX(ci_pa_clinico!$C:$C, MATCH(1, (VALUE(LEFT(ci_pa_clinico!$A:$A,6))=VALUE(LEFT(B45,6)))*(ci_pa_clinico!$B:$B=C45), 0)), "")} -> 2 | K45: {=IFERROR(INDEX(aps_equipes_esf!$C:$C, MATCH(1, (VALUE(LEFT(aps_equipes_esf!$A:$A,6))=VALUE(LEFT(B45,6)))*(aps_equipes_esf!$B:$B=C45), 0)), "")} -> - | L45: {=IFERROR(INDEX(casos!$C:$C, MATCH(1, (VALUE(LEFT(casos!$A:$A,6))=VALUE(LEFT(B45,6)))*(casos!$B:$B=C45), 0)), "")} -> 213 | M45: {=IFERROR(INDEX(srag!$D:$D, MATCH(1, (VALUE(LEFT(srag!$A:$A,6))=VALUE(LEFT(B45,6)))*(srag!$C:$C=C45), 0)), "")} -> 470 | N45: {=IFERROR(INDEX(fesp!$E:$E, MATCH(1, (VALUE(LEFT(fesp!$A:$A,6))=VALUE(LEFT(B45,6)))*(fesp!$C:$C=C45), 0)), "")} -> 24 | O45: {=IFERROR(INDEX(fesp!$F:$F, MATCH(1, (VALUE(LEFT(fesp!$A:$A,6))=VALUE(LEFT(B45,6)))*(fesp!$C:$C=C45), 0)), "")} -> 3057 | P45: {=IFERROR(INDEX(fesp!$G:$G, MATCH(1, (VALUE(LEFT(fesp!$A:$A,6))=VALUE(LEFT(B45,6)))*(fesp!$C:$C=C45), 0)), "")} -> 3096944 | Q45: {=IFERROR(INDEX(fesp!$H:$H, MATCH(1, (VALUE(LEFT(fesp!$A:$A,6))=VALUE(LEFT(B45,6)))*(fesp!$C:$C=C45), 0)), "")} -> 33 | R45: {=IFERROR(INDEX(fesp!$I:$I, MATCH(1, (VALUE(LEFT(fesp!$A:$A,6))=VALUE(LEFT(B45,6)))*(fesp!$C:$C=C45), 0)), "")} -> 0 | S45: {=IFERROR(INDEX(fesp!$J:$J, MATCH(1, (VALUE(LEFT(fesp!$A:$A,6))=VALUE(LEFT(B45,6)))*(fesp!$C:$C=C45), 0)), "")} -> 0
A46: Belém (PA) | B46: 150140 | C46: 2015 | D46: {=IFERROR(INDEX(fesp!$D:$D, MATCH(1, (VALUE(LEFT(fesp!$A:$A,6))=VALUE(LEFT(B46,6)))*(fesp!$C:$C=C46), 0)), "")} -> 1439561 | E46: {=IFERROR(INDEX(ft_medicos_clinicos!$C:$C, MATCH(1, (VALUE(LEFT(ft_medicos_clinicos!$A:$A,6))=VALUE(LEFT(B46,6)))*(ft_medicos_clinicos!$B:$B=C46), 0)), "")} | F46: {=IFERROR(INDEX(ft_enfermeiros!$C:$C, MATCH(1, (VALUE(LEFT(ft_enfermeiros!$A:$A,6))=VALUE(LEFT(B46,6)))*(ft_enfermeiros!$B:$B=C46), 0)), "")} | G46: {=IFERROR(INDEX(ft_equipes_acs!$C:$C, MATCH(1, (VALUE(LEFT(ft_equipes_acs!$A:$A,6))=VALUE(LEFT(B46,6)))*(ft_equipes_acs!$B:$B=C46), 0)), "")} -> 2 | H46: {=IFERROR(INDEX(ci_leitos_internacao!$C:$C, MATCH(1, (VALUE(LEFT(ci_leitos_internacao!$A:$A,6))=VALUE(LEFT(B46,6)))*(ci_leitos_internacao!$B:$B=C46), 0)), "")} -> 4834 | I46: {=IFERROR(INDEX(ci_hospitais_internacao!$C:$C, MATCH(1, (VALUE(LEFT(ci_hospitais_internacao!$A:$A,6))=VALUE(LEFT(B46,6)))*(ci_hospitais_internacao!$B:$B=C46), 0)), "")} -> 11 | J46: {=IFERROR(INDEX(ci_pa_clinico!$C:$C, MATCH(1, (VALUE(LEFT(ci_pa_clinico!$A:$A,6))=VALUE(LEFT(B46,6)))*(ci_pa_clinico!$B:$B=C46), 0)), "")} | K46: {=IFERROR(INDEX(aps_equipes_esf!$C:$C, MATCH(1, (VALUE(LEFT(aps_equipes_esf!$A:$A,6))=VALUE(LEFT(B46,6)))*(aps_equipes_esf!$B:$B=C46), 0)), "")} -> 86 | L46: {=IFERROR(INDEX(casos!$C:$C, MATCH(1, (VALUE(LEFT(casos!$A:$A,6))=VALUE(LEFT(B46,6)))*(casos!$B:$B=C46), 0)), "")} -> 1471 | M46: {=IFERROR(INDEX(srag!$D:$D, MATCH(1, (VALUE(LEFT(srag!$A:$A,6))=VALUE(LEFT(B46,6)))*(srag!$C:$C=C46), 0)), "")} -> 72 | N46: {=IFERROR(INDEX(fesp!$E:$E, MATCH(1, (VALUE(LEFT(fesp!$A:$A,6))=VALUE(LEFT(B46,6)))*(fesp!$C:$C=C46), 0)), "")} -> 395 | O46: {=IFERROR(INDEX(fesp!$F:$F, MATCH(1, (VALUE(LEFT(fesp!$A:$A,6))=VALUE(LEFT(B46,6)))*(fesp!$C:$C=C46), 0)), "")} -> 33972 | P46: {=IFERROR(INDEX(fesp!$G:$G, MATCH(1, (VALUE(LEFT(fesp!$A:$A,6))=VALUE(LEFT(B46,6)))*(fesp!$C:$C=C46), 0)), "")} -> 9162442 | Q46: {=IFERROR(INDEX(fesp!$H:$H, MATCH(1, (VALUE(LEFT(fesp!$A:$A,6))=VALUE(LEFT(B46,6)))*(fesp!$C:$C=C46), 0)), "")} -> 391 | R46: {=IFERROR(INDEX(fesp!$I:$I, MATCH(1, (VALUE(LEFT(fesp!$A:$A,6))=VALUE(LEFT(B46,6)))*(fesp!$C:$C=C46), 0)), "")} -> 516719 | S46: {=IFERROR(INDEX(fesp!$J:$J, MATCH(1, (VALUE(LEFT(fesp!$A:$A,6))=VALUE(LEFT(B46,6)))*(fesp!$C:$C=C46), 0)), "")} -> 1126772
A47: Belém (PA) | B47: 1501402 | C47: 2016 | D47: {=IFERROR(INDEX(fesp!$D:$D, MATCH(1, (VALUE(LEFT(fesp!$A:$A,6))=VALUE(LEFT(B47,6)))*(fesp!$C:$C=C47), 0)), "")} -> 0 | E47: {=IFERROR(INDEX(ft_medicos_clinicos!$C:$C, MATCH(1, (VALUE(LEFT(ft_medicos_clinicos!$A:$A,6))=VALUE(LEFT(B47,6)))*(ft_medicos_clinicos!$B:$B=C47), 0)), "")} | F47: {=IFERROR(INDEX(ft_enfermeiros!$C:$C, MATCH(1, (VALUE(LEFT(ft_enfermeiros!$A:$A,6))=VALUE(LEFT(B47,6)))*(ft_enfermeiros!$B:$B=C47), 0)), "")} | G47: {=IFERROR(INDEX(ft_equipes_acs!$C:$C, MATCH(1, (VALUE(LEFT(ft_equipes_acs!$A:$A,6))=VALUE(LEFT(B47,6)))*(ft_equipes_acs!$B:$B=C47), 0)), "")} -> - | H47: {=IFERROR(INDEX(ci_leitos_internacao!$C:$C, MATCH(1, (VALUE(LEFT(ci_leitos_internacao!$A:$A,6))=VALUE(LEFT(B47,6)))*(ci_leitos_internacao!$B:$B=C47), 0)), "")} -> 5099 | I47: {=IFERROR(INDEX(ci_hospitais_internacao!$C:$C, MATCH(1, (VALUE(LEFT(ci_hospitais_internacao!$A:$A,6))=VALUE(LEFT(B47,6)))*(ci_hospitais_internacao!$B:$B=C47), 0)), "")} -> 11 | J47: {=IFERROR(INDEX(ci_pa_clinico!$C:$C, MATCH(1, (VALUE(LEFT(ci_pa_clinico!$A:$A,6))=VALUE(LEFT(B47,6)))*(ci_pa_clinico!$B:$B=C47), 0)), "")} | K47: {=IFERROR(INDEX(aps_equipes_esf!$C:$C, MATCH(1, (VALUE(LEFT(aps_equipes_esf!$A:$A,6))=VALUE(LEFT(B47,6)))*(aps_equipes_esf!$B:$B=C47), 0)), "")} -> 93 | L47: {=IFERROR(INDEX(casos!$C:$C, MATCH(1, (VALUE(LEFT(casos!$A:$A,6))=VALUE(LEFT(B47,6)))*(casos!$B:$B=C47), 0)), "")} -> 742 | M47: {=IFERROR(INDEX(srag!$D:$D, MATCH(1, (VALUE(LEFT(srag!$A:$A,6))=VALUE(LEFT(B47,6)))*(srag!$C:$C=C47), 0)), "")} -> 358 | N47: {=IFERROR(INDEX(fesp!$E:$E, MATCH(1, (VALUE(LEFT(fesp!$A:$A,6))=VALUE(LEFT(B47,6)))*(fesp!$C:$C=C47), 0)), "")} -> 412 | O47: {=IFERROR(INDEX(fesp!$F:$F, MATCH(1, (VALUE(LEFT(fesp!$A:$A,6))=VALUE(LEFT(B47,6)))*(fesp!$C:$C=C47), 0)), "")} -> 32733 | P47: {=IFERROR(INDEX(fesp!$G:$G, MATCH(1, (VALUE(LEFT(fesp!$A:$A,6))=VALUE(LEFT(B47,6)))*(fesp!$C:$C=C47), 0)), "")} -> 8239360 | Q47: {=IFERROR(INDEX(fesp!$H:$H, MATCH(1, (VALUE(LEFT(fesp!$A:$A,6))=VALUE(LEFT(B47,6)))*(fesp!$C:$C=C47), 0)), "")} -> 299 | R47: {=IFERROR(INDEX(fesp!$I:$I, MATCH(1, (VALUE(LEFT(fesp!$A:$A,6))=VALUE(LEFT(B47,6)))*(fesp!$C:$C=C47), 0)), "")} -> 76751 | S47: {=IFERROR(INDEX(fesp!$J:$J, MATCH(1, (VALUE(LEFT(fesp!$A:$A,6))=VALUE(LEFT(B47,6)))*(fesp!$C:$C=C47), 0)), "")} -> 1036338
A48: Belém (PA) | B48: 1501402 | C48: 2017 | D48: {=IFERROR(INDEX(fesp!$D:$D, MATCH(1, (VALUE(LEFT(fesp!$A:$A,6))=VALUE(LEFT(B48,6)))*(fesp!$C:$C=C48), 0)), "")} -> 0 | E48: {=IFERROR(INDEX(ft_medicos_clinicos!$C:$C, MATCH(1, (VALUE(LEFT(ft_medicos_clinicos!$A:$A,6))=VALUE(LEFT(B48,6)))*(ft_medicos_clinicos!$B:$B=C48), 0)), "")} | F48: {=IFERROR(INDEX(ft_enfermeiros!$C:$C, MATCH(1, (VALUE(LEFT(ft_enfermeiros!$A:$A,6))=VALUE(LEFT(B48,6)))*(ft_enfermeiros!$B:$B=C48), 0)), "")} | G48: {=IFERROR(INDEX(ft_equipes_acs!$C:$C, MATCH(1, (VALUE(LEFT(ft_equipes_acs!$A:$A,6))=VALUE(LEFT(B48,6)))*(ft_equipes_acs!$B:$B=C48), 0)), "")} -> - | H48: {=IFERROR(INDEX(ci_leitos_internacao!$C:$C, MATCH(1, (VALUE(LEFT(ci_leitos_internacao!$A:$A,6))=VALUE(LEFT(B48,6)))*(ci_leitos_internacao!$B:$B=C48), 0)), "")} -> 4626 | I48: {=IFERROR(INDEX(ci_hospitais_internacao!$C:$C, MATCH(1, (VALUE(LEFT(ci_hospitais_internacao!$A:$A,6))=VALUE(LEFT(B48,6)))*(ci_hospitais_internacao!$B:$B=C48), 0)), "")} -> 11 | J48: {=IFERROR(INDEX(ci_pa_clinico!$C:$C, MATCH(1, (VALUE(LEFT(ci_pa_clinico!$A:$A,6))=VALUE(LEFT(B48,6)))*(ci_pa_clinico!$B:$B=C48), 0)), "")} | K48: {=IFERROR(INDEX(aps_equipes_esf!$C:$C, MATCH(1, (VALUE(LEFT(aps_equipes_esf!$A:$A,6))=VALUE(LEFT(B48,6)))*(aps_equipes_esf!$B:$B=C48), 0)), "")} -> 95 | L48: {=IFERROR(INDEX(casos!$C:$C, MATCH(1, (VALUE(LEFT(casos!$A:$A,6))=VALUE(LEFT(B48,6)))*(casos!$B:$B=C48), 0)), "")} -> 303 | M48: {=IFERROR(INDEX(srag!$D:$D, MATCH(1, (VALUE(LEFT(srag!$A:$A,6))=VALUE(LEFT(B48,6)))*(srag!$C:$C=C48), 0)), "")} -> 161 | N48: {=IFERROR(INDEX(fesp!$E:$E, MATCH(1, (VALUE(LEFT(fesp!$A:$A,6))=VALUE(LEFT(B48,6)))*(fesp!$C:$C=C48), 0)), "")} -> 379 | O48: {=IFERROR(INDEX(fesp!$F:$F, MATCH(1, (VALUE(LEFT(fesp!$A:$A,6))=VALUE(LEFT(B48,6)))*(fesp!$C:$C=C48), 0)), "")} -> 32854 | P48: {=IFERROR(INDEX(fesp!$G:$G, MATCH(1, (VALUE(LEFT(fesp!$A:$A,6))=VALUE(LEFT(B48,6)))*(fesp!$C:$C=C48), 0)), "")} -> 8939948 | Q48: {=IFERROR(INDEX(fesp!$H:$H, MATCH(1, (VALUE(LEFT(fesp!$A:$A,6))=VALUE(LEFT(B48,6)))*(fesp!$C:$C=C48), 0)), "")} -> 230 | R48: {=IFERROR(INDEX(fesp!$I:$I, MATCH(1, (VALUE(LEFT(fesp!$A:$A,6))=VALUE(LEFT(B48,6)))*(fesp!$C:$C=C48), 0)), "")} -> 41820 | S48: {=IFERROR(INDEX(fesp!$J:$J, MATCH(1, (VALUE(LEFT(fesp!$A:$A,6))=VALUE(LEFT(B48,6)))*(fesp!$C:$C=C48), 0)), "")} -> 572648
A49: Belém (PA) | B49: 1501402 | C49: 2018 | D49: {=IFERROR(INDEX(fesp!$D:$D, MATCH(1, (VALUE(LEFT(fesp!$A:$A,6))=VALUE(LEFT(B49,6)))*(fesp!$C:$C=C49), 0)), "")} -> 0 | E49: {=IFERROR(INDEX(ft_medicos_clinicos!$C:$C, MATCH(1, (VALUE(LEFT(ft_medicos_clinicos!$A:$A,6))=VALUE(LEFT(B49,6)))*(ft_medicos_clinicos!$B:$B=C49), 0)), "")} | F49: {=IFERROR(INDEX(ft_enfermeiros!$C:$C, MATCH(1, (VALUE(LEFT(ft_enfermeiros!$A:$A,6))=VALUE(LEFT(B49,6)))*(ft_enfermeiros!$B:$B=C49), 0)), "")} | G49: {=IFERROR(INDEX(ft_equipes_acs!$C:$C, MATCH(1, (VALUE(LEFT(ft_equipes_acs!$A:$A,6))=VALUE(LEFT(B49,6)))*(ft_equipes_acs!$B:$B=C49), 0)), "")} -> 11 | H49: {=IFERROR(INDEX(ci_leitos_internacao!$C:$C, MATCH(1, (VALUE(LEFT(ci_leitos_internacao!$A:$A,6))=VALUE(LEFT(B49,6)))*(ci_leitos_internacao!$B:$B=C49), 0)), "")} -> 4528 | I49: {=IFERROR(INDEX(ci_hospitais_internacao!$C:$C, MATCH(1, (VALUE(LEFT(ci_hospitais_internacao!$A:$A,6))=VALUE(LEFT(B49,6)))*(ci_hospitais_internacao!$B:$B=C49), 0)), "")} -> 11 | J49: {=IFERROR(INDEX(ci_pa_clinico!$C:$C, MATCH(1, (VALUE(LEFT(ci_pa_clinico!$A:$A,6))=VALUE(LEFT(B49,6)))*(ci_pa_clinico!$B:$B=C49), 0)), "")} | K49: {=IFERROR(INDEX(aps_equipes_esf!$C:$C, MATCH(1, (VALUE(LEFT(aps_equipes_esf!$A:$A,6))=VALUE(LEFT(B49,6)))*(aps_equipes_esf!$B:$B=C49), 0)), "")} -> 85 | L49: {=IFERROR(INDEX(casos!$C:$C, MATCH(1, (VALUE(LEFT(casos!$A:$A,6))=VALUE(LEFT(B49,6)))*(casos!$B:$B=C49), 0)), "")} -> 294 | M49: {=IFERROR(INDEX(srag!$D:$D, MATCH(1, (VALUE(LEFT(srag!$A:$A,6))=VALUE(LEFT(B49,6)))*(srag!$C:$C=C49), 0)), "")} -> 241 | N49: {=IFERROR(INDEX(fesp!$E:$E, MATCH(1, (VALUE(LEFT(fesp!$A:$A,6))=VALUE(LEFT(B49,6)))*(fesp!$C:$C=C49), 0)), "")} -> 353 | O49: {=IFERROR(INDEX(fesp!$F:$F, MATCH(1, (VALUE(LEFT(fesp!$A:$A,6))=VALUE(LEFT(B49,6)))*(fesp!$C:$C=C49), 0)), "")} -> 38904 | P49: {=IFERROR(INDEX(fesp!$G:$G, MATCH(1, (VALUE(LEFT(fesp!$A:$A,6))=VALUE(LEFT(B49,6)))*(fesp!$C:$C=C49), 0)), "")} -> 9292403 | Q49: {=IFERROR(INDEX(fesp!$H:$H, MATCH(1, (VALUE(LEFT(fesp!$A:$A,6))=VALUE(LEFT(B49,6)))*(fesp!$C:$C=C49), 0)), "")} -> 189 | R49: {=IFERROR(INDEX(fesp!$I:$I, MATCH(1, (VALUE(LEFT(fesp!$A:$A,6))=VALUE(LEFT(B49,6)))*(fesp!$C:$C=C49), 0)), "")} -> 21315 | S49: {=IFERROR(INDEX(fesp!$J:$J, MATCH(1, (VALUE(LEFT(fesp!$A:$A,6))=VALUE(LEFT(B49,6)))*(fesp!$C:$C=C49), 0)), "")} -> 397865
A50: Belém (PA) | B50: 1501402 | C50: 2019 | D50: {=IFERROR(INDEX(fesp!$D:$D, MATCH(1, (VALUE(LEFT(fesp!$A:$A,6))=VALUE(LEFT(B50,6)))*(fesp!$C:$C=C50), 0)), "")} -> 0 | E50: {=IFERROR(INDEX(ft_medicos_clinicos!$C:$C, MATCH(1, (VALUE(LEFT(ft_medicos_clinicos!$A:$A,6))=VALUE(LEFT(B50,6)))*(ft_medicos_clinicos!$B:$B=C50), 0)), "")} | F50: {=IFERROR(INDEX(ft_enfermeiros!$C:$C, MATCH(1, (VALUE(LEFT(ft_enfermeiros!$A:$A,6))=VALUE(LEFT(B50,6)))*(ft_enfermeiros!$B:$B=C50), 0)), "")} | G50: {=IFERROR(INDEX(ft_equipes_acs!$C:$C, MATCH(1, (VALUE(LEFT(ft_equipes_acs!$A:$A,6))=VALUE(LEFT(B50,6)))*(ft_equipes_acs!$B:$B=C50), 0)), "")} -> 11 | H50: {=IFERROR(INDEX(ci_leitos_internacao!$C:$C, MATCH(1, (VALUE(LEFT(ci_leitos_internacao!$A:$A,6))=VALUE(LEFT(B50,6)))*(ci_leitos_internacao!$B:$B=C50), 0)), "")} -> 4014 | I50: {=IFERROR(INDEX(ci_hospitais_internacao!$C:$C, MATCH(1, (VALUE(LEFT(ci_hospitais_internacao!$A:$A,6))=VALUE(LEFT(B50,6)))*(ci_hospitais_internacao!$B:$B=C50), 0)), "")} -> 12 | J50: {=IFERROR(INDEX(ci_pa_clinico!$C:$C, MATCH(1, (VALUE(LEFT(ci_pa_clinico!$A:$A,6))=VALUE(LEFT(B50,6)))*(ci_pa_clinico!$B:$B=C50), 0)), "")} | K50: {=IFERROR(INDEX(aps_equipes_esf!$C:$C, MATCH(1, (VALUE(LEFT(aps_equipes_esf!$A:$A,6))=VALUE(LEFT(B50,6)))*(aps_equipes_esf!$B:$B=C50), 0)), "")} -> 82 | L50: {=IFERROR(INDEX(casos!$C:$C, MATCH(1, (VALUE(LEFT(casos!$A:$A,6))=VALUE(LEFT(B50,6)))*(casos!$B:$B=C50), 0)), "")} -> 204 | M50: {=IFERROR(INDEX(srag!$D:$D, MATCH(1, (VALUE(LEFT(srag!$A:$A,6))=VALUE(LEFT(B50,6)))*(srag!$C:$C=C50), 0)), "")} -> 230 | N50: {=IFERROR(INDEX(fesp!$E:$E, MATCH(1, (VALUE(LEFT(fesp!$A:$A,6))=VALUE(LEFT(B50,6)))*(fesp!$C:$C=C50), 0)), "")} -> 256 | O50: {=IFERROR(INDEX(fesp!$F:$F, MATCH(1, (VALUE(LEFT(fesp!$A:$A,6))=VALUE(LEFT(B50,6)))*(fesp!$C:$C=C50), 0)), "")} -> 40665 | P50: {=IFERROR(INDEX(fesp!$G:$G, MATCH(1, (VALUE(LEFT(fesp!$A:$A,6))=VALUE(LEFT(B50,6)))*(fesp!$C:$C=C50), 0)), "")} -> 9998999 | Q50: {=IFERROR(INDEX(fesp!$H:$H, MATCH(1, (VALUE(LEFT(fesp!$A:$A,6))=VALUE(LEFT(B50,6)))*(fesp!$C:$C=C50), 0)), "")} -> 87 | R50: {=IFERROR(INDEX(fesp!$I:$I, MATCH(1, (VALUE(LEFT(fesp!$A:$A,6))=VALUE(LEFT(B50,6)))*(fesp!$C:$C=C50), 0)), "")} -> 17424 | S50: {=IFERROR(INDEX(fesp!$J:$J, MATCH(1, (VALUE(LEFT(fesp!$A:$A,6))=VALUE(LEFT(B50,6)))*(fesp!$C:$C=C50), 0)), "")} -> 188547
A51: Belém (PA) | B51: 1501402 | C51: 2020 | D51: {=IFERROR(INDEX(fesp!$D:$D, MATCH(1, (VALUE(LEFT(fesp!$A:$A,6))=VALUE(LEFT(B51,6)))*(fesp!$C:$C=C51), 0)), "")} -> 0 | E51: {=IFERROR(INDEX(ft_medicos_clinicos!$C:$C, MATCH(1, (VALUE(LEFT(ft_medicos_clinicos!$A:$A,6))=VALUE(LEFT(B51,6)))*(ft_medicos_clinicos!$B:$B=C51), 0)), "")} | F51: {=IFERROR(INDEX(ft_enfermeiros!$C:$C, MATCH(1, (VALUE(LEFT(ft_enfermeiros!$A:$A,6))=VALUE(LEFT(B51,6)))*(ft_enfermeiros!$B:$B=C51), 0)), "")} | G51: {=IFERROR(INDEX(ft_equipes_acs!$C:$C, MATCH(1, (VALUE(LEFT(ft_equipes_acs!$A:$A,6))=VALUE(LEFT(B51,6)))*(ft_equipes_acs!$B:$B=C51), 0)), "")} -> - | H51: {=IFERROR(INDEX(ci_leitos_internacao!$C:$C, MATCH(1, (VALUE(LEFT(ci_leitos_internacao!$A:$A,6))=VALUE(LEFT(B51,6)))*(ci_leitos_internacao!$B:$B=C51), 0)), "")} -> 4267 | I51: {=IFERROR(INDEX(ci_hospitais_internacao!$C:$C, MATCH(1, (VALUE(LEFT(ci_hospitais_internacao!$A:$A,6))=VALUE(LEFT(B51,6)))*(ci_hospitais_internacao!$B:$B=C51), 0)), "")} -> 14 | J51: {=IFERROR(INDEX(ci_pa_clinico!$C:$C, MATCH(1, (VALUE(LEFT(ci_pa_clinico!$A:$A,6))=VALUE(LEFT(B51,6)))*(ci_pa_clinico!$B:$B=C51), 0)), "")} | K51: {=IFERROR(INDEX(aps_equipes_esf!$C:$C, MATCH(1, (VALUE(LEFT(aps_equipes_esf!$A:$A,6))=VALUE(LEFT(B51,6)))*(aps_equipes_esf!$B:$B=C51), 0)), "")} -> - | L51: {=IFERROR(INDEX(casos!$C:$C, MATCH(1, (VALUE(LEFT(casos!$A:$A,6))=VALUE(LEFT(B51,6)))*(casos!$B:$B=C51), 0)), "")} -> 234 | M51: {=IFERROR(INDEX(srag!$D:$D, MATCH(1, (VALUE(LEFT(srag!$A:$A,6))=VALUE(LEFT(B51,6)))*(srag!$C:$C=C51), 0)), "")} -> 9607 | N51: {=IFERROR(INDEX(fesp!$E:$E, MATCH(1, (VALUE(LEFT(fesp!$A:$A,6))=VALUE(LEFT(B51,6)))*(fesp!$C:$C=C51), 0)), "")} -> 222 | O51: {=IFERROR(INDEX(fesp!$F:$F, MATCH(1, (VALUE(LEFT(fesp!$A:$A,6))=VALUE(LEFT(B51,6)))*(fesp!$C:$C=C51), 0)), "")} -> 39354 | P51: {=IFERROR(INDEX(fesp!$G:$G, MATCH(1, (VALUE(LEFT(fesp!$A:$A,6))=VALUE(LEFT(B51,6)))*(fesp!$C:$C=C51), 0)), "")} -> 9521892 | Q51: {=IFERROR(INDEX(fesp!$H:$H, MATCH(1, (VALUE(LEFT(fesp!$A:$A,6))=VALUE(LEFT(B51,6)))*(fesp!$C:$C=C51), 0)), "")} -> 55 | R51: {=IFERROR(INDEX(fesp!$I:$I, MATCH(1, (VALUE(LEFT(fesp!$A:$A,6))=VALUE(LEFT(B51,6)))*(fesp!$C:$C=C51), 0)), "")} -> 115051 | S51: {=IFERROR(INDEX(fesp!$J:$J, MATCH(1, (VALUE(LEFT(fesp!$A:$A,6))=VALUE(LEFT(B51,6)))*(fesp!$C:$C=C51), 0)), "")} -> 206280
A52: Belém (PA) | B52: 1501402 | C52: 2021 | D52: {=IFERROR(INDEX(fesp!$D:$D, MATCH(1, (VALUE(LEFT(fesp!$A:$A,6))=VALUE(LEFT(B52,6)))*(fesp!$C:$C=C52), 0)), "")} -> 0 | E52: {=IFERROR(INDEX(ft_medicos_clinicos!$C:$C, MATCH(1, (VALUE(LEFT(ft_medicos_clinicos!$A:$A,6))=VALUE(LEFT(B52,6)))*(ft_medicos_clinicos!$B:$B=C52), 0)), "")} | F52: {=IFERROR(INDEX(ft_enfermeiros!$C:$C, MATCH(1, (VALUE(LEFT(ft_enfermeiros!$A:$A,6))=VALUE(LEFT(B52,6)))*(ft_enfermeiros!$B:$B=C52), 0)), "")} | G52: {=IFERROR(INDEX(ft_equipes_acs!$C:$C, MATCH(1, (VALUE(LEFT(ft_equipes_acs!$A:$A,6))=VALUE(LEFT(B52,6)))*(ft_equipes_acs!$B:$B=C52), 0)), "")} -> - | H52: {=IFERROR(INDEX(ci_leitos_internacao!$C:$C, MATCH(1, (VALUE(LEFT(ci_leitos_internacao!$A:$A,6))=VALUE(LEFT(B52,6)))*(ci_leitos_internacao!$B:$B=C52), 0)), "")} -> 4110 | I52: {=IFERROR(INDEX(ci_hospitais_internacao!$C:$C, MATCH(1, (VALUE(LEFT(ci_hospitais_internacao!$A:$A,6))=VALUE(LEFT(B52,6)))*(ci_hospitais_internacao!$B:$B=C52), 0)), "")} -> 15 | J52: {=IFERROR(INDEX(ci_pa_clinico!$C:$C, MATCH(1, (VALUE(LEFT(ci_pa_clinico!$A:$A,6))=VALUE(LEFT(B52,6)))*(ci_pa_clinico!$B:$B=C52), 0)), "")} | K52: {=IFERROR(INDEX(aps_equipes_esf!$C:$C, MATCH(1, (VALUE(LEFT(aps_equipes_esf!$A:$A,6))=VALUE(LEFT(B52,6)))*(aps_equipes_esf!$B:$B=C52), 0)), "")} -> - | L52: {=IFERROR(INDEX(casos!$C:$C, MATCH(1, (VALUE(LEFT(casos!$A:$A,6))=VALUE(LEFT(B52,6)))*(casos!$B:$B=C52), 0)), "")} -> 623 | M52: {=IFERROR(INDEX(srag!$D:$D, MATCH(1, (VALUE(LEFT(srag!$A:$A,6))=VALUE(LEFT(B52,6)))*(srag!$C:$C=C52), 0)), "")} -> 7218 | N52: {=IFERROR(INDEX(fesp!$E:$E, MATCH(1, (VALUE(LEFT(fesp!$A:$A,6))=VALUE(LEFT(B52,6)))*(fesp!$C:$C=C52), 0)), "")} -> 258 | O52: {=IFERROR(INDEX(fesp!$F:$F, MATCH(1, (VALUE(LEFT(fesp!$A:$A,6))=VALUE(LEFT(B52,6)))*(fesp!$C:$C=C52), 0)), "")} -> 49276 | P52: {=IFERROR(INDEX(fesp!$G:$G, MATCH(1, (VALUE(LEFT(fesp!$A:$A,6))=VALUE(LEFT(B52,6)))*(fesp!$C:$C=C52), 0)), "")} -> 12402446 | Q52: {=IFERROR(INDEX(fesp!$H:$H, MATCH(1, (VALUE(LEFT(fesp!$A:$A,6))=VALUE(LEFT(B52,6)))*(fesp!$C:$C=C52), 0)), "")} -> 54 | R52: {=IFERROR(INDEX(fesp!$I:$I, MATCH(1, (VALUE(LEFT(fesp!$A:$A,6))=VALUE(LEFT(B52,6)))*(fesp!$C:$C=C52), 0)), "")} -> 12424 | S52: {=IFERROR(INDEX(fesp!$J:$J, MATCH(1, (VALUE(LEFT(fesp!$A:$A,6))=VALUE(LEFT(B52,6)))*(fesp!$C:$C=C52), 0)), "")} -> 197719
A53: Belém (PA) | B53: 1501402 | C53: 2022 | D53: {=IFERROR(INDEX(fesp!$D:$D, MATCH(1, (VALUE(LEFT(fesp!$A:$A,6))=VALUE(LEFT(B53,6)))*(fesp!$C:$C=C53), 0)), "")} -> 1303403 | E53: {=IFERROR(INDEX(ft_medicos_clinicos!$C:$C, MATCH(1, (VALUE(LEFT(ft_medicos_clinicos!$A:$A,6))=VALUE(LEFT(B53,6)))*(ft_medicos_clinicos!$B:$B=C53), 0)), "")} | F53: {=IFERROR(INDEX(ft_enfermeiros!$C:$C, MATCH(1, (VALUE(LEFT(ft_enfermeiros!$A:$A,6))=VALUE(LEFT(B53,6)))*(ft_enfermeiros!$B:$B=C53), 0)), "")} | G53: {=IFERROR(INDEX(ft_equipes_acs!$C:$C, MATCH(1, (VALUE(LEFT(ft_equipes_acs!$A:$A,6))=VALUE(LEFT(B53,6)))*(ft_equipes_acs!$B:$B=C53), 0)), "")} -> - | H53: {=IFERROR(INDEX(ci_leitos_internacao!$C:$C, MATCH(1, (VALUE(LEFT(ci_leitos_internacao!$A:$A,6))=VALUE(LEFT(B53,6)))*(ci_leitos_internacao!$B:$B=C53), 0)), "")} -> 3982 | I53: {=IFERROR(INDEX(ci_hospitais_internacao!$C:$C, MATCH(1, (VALUE(LEFT(ci_hospitais_internacao!$A:$A,6))=VALUE(LEFT(B53,6)))*(ci_hospitais_internacao!$B:$B=C53), 0)), "")} -> 15 | J53: {=IFERROR(INDEX(ci_pa_clinico!$C:$C, MATCH(1, (VALUE(LEFT(ci_pa_clinico!$A:$A,6))=VALUE(LEFT(B53,6)))*(ci_pa_clinico!$B:$B=C53), 0)), "")} | K53: {=IFERROR(INDEX(aps_equipes_esf!$C:$C, MATCH(1, (VALUE(LEFT(aps_equipes_esf!$A:$A,6))=VALUE(LEFT(B53,6)))*(aps_equipes_esf!$B:$B=C53), 0)), "")} -> - | L53: {=IFERROR(INDEX(casos!$C:$C, MATCH(1, (VALUE(LEFT(casos!$A:$A,6))=VALUE(LEFT(B53,6)))*(casos!$B:$B=C53), 0)), "")} -> 260 | M53: {=IFERROR(INDEX(srag!$D:$D, MATCH(1, (VALUE(LEFT(srag!$A:$A,6))=VALUE(LEFT(B53,6)))*(srag!$C:$C=C53), 0)), "")} -> 889 | N53: {=IFERROR(INDEX(fesp!$E:$E, MATCH(1, (VALUE(LEFT(fesp!$A:$A,6))=VALUE(LEFT(B53,6)))*(fesp!$C:$C=C53), 0)), "")} -> 209 | O53: {=IFERROR(INDEX(fesp!$F:$F, MATCH(1, (VALUE(LEFT(fesp!$A:$A,6))=VALUE(LEFT(B53,6)))*(fesp!$C:$C=C53), 0)), "")} -> 49828 | P53: {=IFERROR(INDEX(fesp!$G:$G, MATCH(1, (VALUE(LEFT(fesp!$A:$A,6))=VALUE(LEFT(B53,6)))*(fesp!$C:$C=C53), 0)), "")} -> 13041341 | Q53: {=IFERROR(INDEX(fesp!$H:$H, MATCH(1, (VALUE(LEFT(fesp!$A:$A,6))=VALUE(LEFT(B53,6)))*(fesp!$C:$C=C53), 0)), "")} -> 124 | R53: {=IFERROR(INDEX(fesp!$I:$I, MATCH(1, (VALUE(LEFT(fesp!$A:$A,6))=VALUE(LEFT(B53,6)))*(fesp!$C:$C=C53), 0)), "")} -> 5040 | S53: {=IFERROR(INDEX(fesp!$J:$J, MATCH(1, (VALUE(LEFT(fesp!$A:$A,6))=VALUE(LEFT(B53,6)))*(fesp!$C:$C=C53), 0)), "")} -> 57399
A54: Belém (PA) | B54: 1501402 | C54: 2023 | D54: {=IFERROR(INDEX(fesp!$D:$D, MATCH(1, (VALUE(LEFT(fesp!$A:$A,6))=VALUE(LEFT(B54,6)))*(fesp!$C:$C=C54), 0)), "")} -> 0 | E54: {=IFERROR(INDEX(ft_medicos_clinicos!$C:$C, MATCH(1, (VALUE(LEFT(ft_medicos_clinicos!$A:$A,6))=VALUE(LEFT(B54,6)))*(ft_medicos_clinicos!$B:$B=C54), 0)), "")} | F54: {=IFERROR(INDEX(ft_enfermeiros!$C:$C, MATCH(1, (VALUE(LEFT(ft_enfermeiros!$A:$A,6))=VALUE(LEFT(B54,6)))*(ft_enfermeiros!$B:$B=C54), 0)), "")} | G54: {=IFERROR(INDEX(ft_equipes_acs!$C:$C, MATCH(1, (VALUE(LEFT(ft_equipes_acs!$A:$A,6))=VALUE(LEFT(B54,6)))*(ft_equipes_acs!$B:$B=C54), 0)), "")} -> - | H54: {=IFERROR(INDEX(ci_leitos_internacao!$C:$C, MATCH(1, (VALUE(LEFT(ci_leitos_internacao!$A:$A,6))=VALUE(LEFT(B54,6)))*(ci_leitos_internacao!$B:$B=C54), 0)), "")} -> 3663 | I54: {=IFERROR(INDEX(ci_hospitais_internacao!$C:$C, MATCH(1, (VALUE(LEFT(ci_hospitais_internacao!$A:$A,6))=VALUE(LEFT(B54,6)))*(ci_hospitais_internacao!$B:$B=C54), 0)), "")} -> 13 | J54: {=IFERROR(INDEX(ci_pa_clinico!$C:$C, MATCH(1, (VALUE(LEFT(ci_pa_clinico!$A:$A,6))=VALUE(LEFT(B54,6)))*(ci_pa_clinico!$B:$B=C54), 0)), "")} | K54: {=IFERROR(INDEX(aps_equipes_esf!$C:$C, MATCH(1, (VALUE(LEFT(aps_equipes_esf!$A:$A,6))=VALUE(LEFT(B54,6)))*(aps_equipes_esf!$B:$B=C54), 0)), "")} -> - | L54: {=IFERROR(INDEX(casos!$C:$C, MATCH(1, (VALUE(LEFT(casos!$A:$A,6))=VALUE(LEFT(B54,6)))*(casos!$B:$B=C54), 0)), "")} -> 481 | M54: {=IFERROR(INDEX(srag!$D:$D, MATCH(1, (VALUE(LEFT(srag!$A:$A,6))=VALUE(LEFT(B54,6)))*(srag!$C:$C=C54), 0)), "")} -> 831 | N54: {=IFERROR(INDEX(fesp!$E:$E, MATCH(1, (VALUE(LEFT(fesp!$A:$A,6))=VALUE(LEFT(B54,6)))*(fesp!$C:$C=C54), 0)), "")} -> 549 | O54: {=IFERROR(INDEX(fesp!$F:$F, MATCH(1, (VALUE(LEFT(fesp!$A:$A,6))=VALUE(LEFT(B54,6)))*(fesp!$C:$C=C54), 0)), "")} -> 46903 | P54: {=IFERROR(INDEX(fesp!$G:$G, MATCH(1, (VALUE(LEFT(fesp!$A:$A,6))=VALUE(LEFT(B54,6)))*(fesp!$C:$C=C54), 0)), "")} -> 13345414 | Q54: {=IFERROR(INDEX(fesp!$H:$H, MATCH(1, (VALUE(LEFT(fesp!$A:$A,6))=VALUE(LEFT(B54,6)))*(fesp!$C:$C=C54), 0)), "")} -> 288 | R54: {=IFERROR(INDEX(fesp!$I:$I, MATCH(1, (VALUE(LEFT(fesp!$A:$A,6))=VALUE(LEFT(B54,6)))*(fesp!$C:$C=C54), 0)), "")} -> 4654 | S54: {=IFERROR(INDEX(fesp!$J:$J, MATCH(1, (VALUE(LEFT(fesp!$A:$A,6))=VALUE(LEFT(B54,6)))*(fesp!$C:$C=C54), 0)), "")} -> 34417
A55: Belém (PA) | B55: 1501402 | C55: 2024 | D55: {=IFERROR(INDEX(fesp!$D:$D, MATCH(1, (VALUE(LEFT(fesp!$A:$A,6))=VALUE(LEFT(B55,6)))*(fesp!$C:$C=C55), 0)), "")} -> 0 | E55: {=IFERROR(INDEX(ft_medicos_clinicos!$C:$C, MATCH(1, (VALUE(LEFT(ft_medicos_clinicos!$A:$A,6))=VALUE(LEFT(B55,6)))*(ft_medicos_clinicos!$B:$B=C55), 0)), "")} | F55: {=IFERROR(INDEX(ft_enfermeiros!$C:$C, MATCH(1, (VALUE(LEFT(ft_enfermeiros!$A:$A,6))=VALUE(LEFT(B55,6)))*(ft_enfermeiros!$B:$B=C55), 0)), "")} | G55: {=IFERROR(INDEX(ft_equipes_acs!$C:$C, MATCH(1, (VALUE(LEFT(ft_equipes_acs!$A:$A,6))=VALUE(LEFT(B55,6)))*(ft_equipes_acs!$B:$B=C55), 0)), "")} -> - | H55: {=IFERROR(INDEX(ci_leitos_internacao!$C:$C, MATCH(1, (VALUE(LEFT(ci_leitos_internacao!$A:$A,6))=VALUE(LEFT(B55,6)))*(ci_leitos_internacao!$B:$B=C55), 0)), "")} -> 4175 | I55: {=IFERROR(INDEX(ci_hospitais_internacao!$C:$C, MATCH(1, (VALUE(LEFT(ci_hospitais_internacao!$A:$A,6))=VALUE(LEFT(B55,6)))*(ci_hospitais_internacao!$B:$B=C55), 0)), "")} -> 14 | J55: {=IFERROR(INDEX(ci_pa_clinico!$C:$C, MATCH(1, (VALUE(LEFT(ci_pa_clinico!$A:$A,6))=VALUE(LEFT(B55,6)))*(ci_pa_clinico!$B:$B=C55), 0)), "")} | K55: {=IFERROR(INDEX(aps_equipes_esf!$C:$C, MATCH(1, (VALUE(LEFT(aps_equipes_esf!$A:$A,6))=VALUE(LEFT(B55,6)))*(aps_equipes_esf!$B:$B=C55), 0)), "")} -> - | L55: {=IFERROR(INDEX(casos!$C:$C, MATCH(1, (VALUE(LEFT(casos!$A:$A,6))=VALUE(LEFT(B55,6)))*(casos!$B:$B=C55), 0)), "")} -> 3349 | M55: {=IFERROR(INDEX(srag!$D:$D, MATCH(1, (VALUE(LEFT(srag!$A:$A,6))=VALUE(LEFT(B55,6)))*(srag!$C:$C=C55), 0)), "")} -> 1172 | N55: {=IFERROR(INDEX(fesp!$E:$E, MATCH(1, (VALUE(LEFT(fesp!$A:$A,6))=VALUE(LEFT(B55,6)))*(fesp!$C:$C=C55), 0)), "")} -> 1319 | O55: {=IFERROR(INDEX(fesp!$F:$F, MATCH(1, (VALUE(LEFT(fesp!$A:$A,6))=VALUE(LEFT(B55,6)))*(fesp!$C:$C=C55), 0)), "")} -> 47864 | P55: {=IFERROR(INDEX(fesp!$G:$G, MATCH(1, (VALUE(LEFT(fesp!$A:$A,6))=VALUE(LEFT(B55,6)))*(fesp!$C:$C=C55), 0)), "")} -> 13992050 | Q55: {=IFERROR(INDEX(fesp!$H:$H, MATCH(1, (VALUE(LEFT(fesp!$A:$A,6))=VALUE(LEFT(B55,6)))*(fesp!$C:$C=C55), 0)), "")} -> 956 | R55: {=IFERROR(INDEX(fesp!$I:$I, MATCH(1, (VALUE(LEFT(fesp!$A:$A,6))=VALUE(LEFT(B55,6)))*(fesp!$C:$C=C55), 0)), "")} -> 4903 | S55: {=IFERROR(INDEX(fesp!$J:$J, MATCH(1, (VALUE(LEFT(fesp!$A:$A,6))=VALUE(LEFT(B55,6)))*(fesp!$C:$C=C55), 0)), "")} -> 22702
A56: Belém (PA) | B56: 1501402 | C56: 2025 | D56: {=IFERROR(INDEX(fesp!$D:$D, MATCH(1, (VALUE(LEFT(fesp!$A:$A,6))=VALUE(LEFT(B56,6)))*(fesp!$C:$C=C56), 0)), "")} -> 0 | E56: {=IFERROR(INDEX(ft_medicos_clinicos!$C:$C, MATCH(1, (VALUE(LEFT(ft_medicos_clinicos!$A:$A,6))=VALUE(LEFT(B56,6)))*(ft_medicos_clinicos!$B:$B=C56), 0)), "")} | F56: {=IFERROR(INDEX(ft_enfermeiros!$C:$C, MATCH(1, (VALUE(LEFT(ft_enfermeiros!$A:$A,6))=VALUE(LEFT(B56,6)))*(ft_enfermeiros!$B:$B=C56), 0)), "")} | G56: {=IFERROR(INDEX(ft_equipes_acs!$C:$C, MATCH(1, (VALUE(LEFT(ft_equipes_acs!$A:$A,6))=VALUE(LEFT(B56,6)))*(ft_equipes_acs!$B:$B=C56), 0)), "")} -> - | H56: {=IFERROR(INDEX(ci_leitos_internacao!$C:$C, MATCH(1, (VALUE(LEFT(ci_leitos_internacao!$A:$A,6))=VALUE(LEFT(B56,6)))*(ci_leitos_internacao!$B:$B=C56), 0)), "")} -> 4533 | I56: {=IFERROR(INDEX(ci_hospitais_internacao!$C:$C, MATCH(1, (VALUE(LEFT(ci_hospitais_internacao!$A:$A,6))=VALUE(LEFT(B56,6)))*(ci_hospitais_internacao!$B:$B=C56), 0)), "")} -> 15 | J56: {=IFERROR(INDEX(ci_pa_clinico!$C:$C, MATCH(1, (VALUE(LEFT(ci_pa_clinico!$A:$A,6))=VALUE(LEFT(B56,6)))*(ci_pa_clinico!$B:$B=C56), 0)), "")} | K56: {=IFERROR(INDEX(aps_equipes_esf!$C:$C, MATCH(1, (VALUE(LEFT(aps_equipes_esf!$A:$A,6))=VALUE(LEFT(B56,6)))*(aps_equipes_esf!$B:$B=C56), 0)), "")} -> - | L56: {=IFERROR(INDEX(casos!$C:$C, MATCH(1, (VALUE(LEFT(casos!$A:$A,6))=VALUE(LEFT(B56,6)))*(casos!$B:$B=C56), 0)), "")} -> 1034 | M56: {=IFERROR(INDEX(srag!$D:$D, MATCH(1, (VALUE(LEFT(srag!$A:$A,6))=VALUE(LEFT(B56,6)))*(srag!$C:$C=C56), 0)), "")} -> 1440 | N56: {=IFERROR(INDEX(fesp!$E:$E, MATCH(1, (VALUE(LEFT(fesp!$A:$A,6))=VALUE(LEFT(B56,6)))*(fesp!$C:$C=C56), 0)), "")} -> 1086 | O56: {=IFERROR(INDEX(fesp!$F:$F, MATCH(1, (VALUE(LEFT(fesp!$A:$A,6))=VALUE(LEFT(B56,6)))*(fesp!$C:$C=C56), 0)), "")} -> 30550 | P56: {=IFERROR(INDEX(fesp!$G:$G, MATCH(1, (VALUE(LEFT(fesp!$A:$A,6))=VALUE(LEFT(B56,6)))*(fesp!$C:$C=C56), 0)), "")} -> 11751854 | Q56: {=IFERROR(INDEX(fesp!$H:$H, MATCH(1, (VALUE(LEFT(fesp!$A:$A,6))=VALUE(LEFT(B56,6)))*(fesp!$C:$C=C56), 0)), "")} -> 925 | R56: {=IFERROR(INDEX(fesp!$I:$I, MATCH(1, (VALUE(LEFT(fesp!$A:$A,6))=VALUE(LEFT(B56,6)))*(fesp!$C:$C=C56), 0)), "")} -> 5081 | S56: {=IFERROR(INDEX(fesp!$J:$J, MATCH(1, (VALUE(LEFT(fesp!$A:$A,6))=VALUE(LEFT(B56,6)))*(fesp!$C:$C=C56), 0)), "")} -> 12764
A57: Macapá (AP) | B57: 1600303 | C57: 2015 | D57: {=IFERROR(INDEX(fesp!$D:$D, MATCH(1, (VALUE(LEFT(fesp!$A:$A,6))=VALUE(LEFT(B57,6)))*(fesp!$C:$C=C57), 0)), "")} -> 456171 | E57: {=IFERROR(INDEX(ft_medicos_clinicos!$C:$C, MATCH(1, (VALUE(LEFT(ft_medicos_clinicos!$A:$A,6))=VALUE(LEFT(B57,6)))*(ft_medicos_clinicos!$B:$B=C57), 0)), "")} -> 137 | F57: {=IFERROR(INDEX(ft_enfermeiros!$C:$C, MATCH(1, (VALUE(LEFT(ft_enfermeiros!$A:$A,6))=VALUE(LEFT(B57,6)))*(ft_enfermeiros!$B:$B=C57), 0)), "")} -> 435 | G57: {=IFERROR(INDEX(ft_equipes_acs!$C:$C, MATCH(1, (VALUE(LEFT(ft_equipes_acs!$A:$A,6))=VALUE(LEFT(B57,6)))*(ft_equipes_acs!$B:$B=C57), 0)), "")} -> - | H57: {=IFERROR(INDEX(ci_leitos_internacao!$C:$C, MATCH(1, (VALUE(LEFT(ci_leitos_internacao!$A:$A,6))=VALUE(LEFT(B57,6)))*(ci_leitos_internacao!$B:$B=C57), 0)), "")} -> 764 | I57: {=IFERROR(INDEX(ci_hospitais_internacao!$C:$C, MATCH(1, (VALUE(LEFT(ci_hospitais_internacao!$A:$A,6))=VALUE(LEFT(B57,6)))*(ci_hospitais_internacao!$B:$B=C57), 0)), "")} -> 2 | J57: {=IFERROR(INDEX(ci_pa_clinico!$C:$C, MATCH(1, (VALUE(LEFT(ci_pa_clinico!$A:$A,6))=VALUE(LEFT(B57,6)))*(ci_pa_clinico!$B:$B=C57), 0)), "")} -> 3 | K57: {=IFERROR(INDEX(aps_equipes_esf!$C:$C, MATCH(1, (VALUE(LEFT(aps_equipes_esf!$A:$A,6))=VALUE(LEFT(B57,6)))*(aps_equipes_esf!$B:$B=C57), 0)), "")} -> 55 | L57: {=IFERROR(INDEX(casos!$C:$C, MATCH(1, (VALUE(LEFT(casos!$A:$A,6))=VALUE(LEFT(B57,6)))*(casos!$B:$B=C57), 0)), "")} -> 1605 | M57: {=IFERROR(INDEX(srag!$D:$D, MATCH(1, (VALUE(LEFT(srag!$A:$A,6))=VALUE(LEFT(B57,6)))*(srag!$C:$C=C57), 0)), "")} -> 4 | N57: {=IFERROR(INDEX(fesp!$E:$E, MATCH(1, (VALUE(LEFT(fesp!$A:$A,6))=VALUE(LEFT(B57,6)))*(fesp!$C:$C=C57), 0)), "")} -> 117 | O57: {=IFERROR(INDEX(fesp!$F:$F, MATCH(1, (VALUE(LEFT(fesp!$A:$A,6))=VALUE(LEFT(B57,6)))*(fesp!$C:$C=C57), 0)), "")} -> 47 | P57: {=IFERROR(INDEX(fesp!$G:$G, MATCH(1, (VALUE(LEFT(fesp!$A:$A,6))=VALUE(LEFT(B57,6)))*(fesp!$C:$C=C57), 0)), "")} -> 1205797 | Q57: {=IFERROR(INDEX(fesp!$H:$H, MATCH(1, (VALUE(LEFT(fesp!$A:$A,6))=VALUE(LEFT(B57,6)))*(fesp!$C:$C=C57), 0)), "")} -> 17 | R57: {=IFERROR(INDEX(fesp!$I:$I, MATCH(1, (VALUE(LEFT(fesp!$A:$A,6))=VALUE(LEFT(B57,6)))*(fesp!$C:$C=C57), 0)), "")} -> 31369 | S57: {=IFERROR(INDEX(fesp!$J:$J, MATCH(1, (VALUE(LEFT(fesp!$A:$A,6))=VALUE(LEFT(B57,6)))*(fesp!$C:$C=C57), 0)), "")} -> 212659
A58: Macapá (AP) | B58: 1600303 | C58: 2016 | D58: {=IFERROR(INDEX(fesp!$D:$D, MATCH(1, (VALUE(LEFT(fesp!$A:$A,6))=VALUE(LEFT(B58,6)))*(fesp!$C:$C=C58), 0)), "")} -> 0 | E58: {=IFERROR(INDEX(ft_medicos_clinicos!$C:$C, MATCH(1, (VALUE(LEFT(ft_medicos_clinicos!$A:$A,6))=VALUE(LEFT(B58,6)))*(ft_medicos_clinicos!$B:$B=C58), 0)), "")} -> 155 | F58: {=IFERROR(INDEX(ft_enfermeiros!$C:$C, MATCH(1, (VALUE(LEFT(ft_enfermeiros!$A:$A,6))=VALUE(LEFT(B58,6)))*(ft_enfermeiros!$B:$B=C58), 0)), "")} -> 446 | G58: {=IFERROR(INDEX(ft_equipes_acs!$C:$C, MATCH(1, (VALUE(LEFT(ft_equipes_acs!$A:$A,6))=VALUE(LEFT(B58,6)))*(ft_equipes_acs!$B:$B=C58), 0)), "")} -> - | H58: {=IFERROR(INDEX(ci_leitos_internacao!$C:$C, MATCH(1, (VALUE(LEFT(ci_leitos_internacao!$A:$A,6))=VALUE(LEFT(B58,6)))*(ci_leitos_internacao!$B:$B=C58), 0)), "")} -> 764 | I58: {=IFERROR(INDEX(ci_hospitais_internacao!$C:$C, MATCH(1, (VALUE(LEFT(ci_hospitais_internacao!$A:$A,6))=VALUE(LEFT(B58,6)))*(ci_hospitais_internacao!$B:$B=C58), 0)), "")} -> 2 | J58: {=IFERROR(INDEX(ci_pa_clinico!$C:$C, MATCH(1, (VALUE(LEFT(ci_pa_clinico!$A:$A,6))=VALUE(LEFT(B58,6)))*(ci_pa_clinico!$B:$B=C58), 0)), "")} -> 3 | K58: {=IFERROR(INDEX(aps_equipes_esf!$C:$C, MATCH(1, (VALUE(LEFT(aps_equipes_esf!$A:$A,6))=VALUE(LEFT(B58,6)))*(aps_equipes_esf!$B:$B=C58), 0)), "")} -> 49 | L58: {=IFERROR(INDEX(casos!$C:$C, MATCH(1, (VALUE(LEFT(casos!$A:$A,6))=VALUE(LEFT(B58,6)))*(casos!$B:$B=C58), 0)), "")} -> 953 | M58: {=IFERROR(INDEX(srag!$D:$D, MATCH(1, (VALUE(LEFT(srag!$A:$A,6))=VALUE(LEFT(B58,6)))*(srag!$C:$C=C58), 0)), "")} -> 27 | N58: {=IFERROR(INDEX(fesp!$E:$E, MATCH(1, (VALUE(LEFT(fesp!$A:$A,6))=VALUE(LEFT(B58,6)))*(fesp!$C:$C=C58), 0)), "")} -> 96 | O58: {=IFERROR(INDEX(fesp!$F:$F, MATCH(1, (VALUE(LEFT(fesp!$A:$A,6))=VALUE(LEFT(B58,6)))*(fesp!$C:$C=C58), 0)), "")} -> 33 | P58: {=IFERROR(INDEX(fesp!$G:$G, MATCH(1, (VALUE(LEFT(fesp!$A:$A,6))=VALUE(LEFT(B58,6)))*(fesp!$C:$C=C58), 0)), "")} -> 1548729 | Q58: {=IFERROR(INDEX(fesp!$H:$H, MATCH(1, (VALUE(LEFT(fesp!$A:$A,6))=VALUE(LEFT(B58,6)))*(fesp!$C:$C=C58), 0)), "")} -> 7 | R58: {=IFERROR(INDEX(fesp!$I:$I, MATCH(1, (VALUE(LEFT(fesp!$A:$A,6))=VALUE(LEFT(B58,6)))*(fesp!$C:$C=C58), 0)), "")} -> 46752 | S58: {=IFERROR(INDEX(fesp!$J:$J, MATCH(1, (VALUE(LEFT(fesp!$A:$A,6))=VALUE(LEFT(B58,6)))*(fesp!$C:$C=C58), 0)), "")} -> 279536
A59: Macapá (AP) | B59: 1600303 | C59: 2017 | D59: {=IFERROR(INDEX(fesp!$D:$D, MATCH(1, (VALUE(LEFT(fesp!$A:$A,6))=VALUE(LEFT(B59,6)))*(fesp!$C:$C=C59), 0)), "")} -> 0 | E59: {=IFERROR(INDEX(ft_medicos_clinicos!$C:$C, MATCH(1, (VALUE(LEFT(ft_medicos_clinicos!$A:$A,6))=VALUE(LEFT(B59,6)))*(ft_medicos_clinicos!$B:$B=C59), 0)), "")} -> 146 | F59: {=IFERROR(INDEX(ft_enfermeiros!$C:$C, MATCH(1, (VALUE(LEFT(ft_enfermeiros!$A:$A,6))=VALUE(LEFT(B59,6)))*(ft_enfermeiros!$B:$B=C59), 0)), "")} -> 489 | G59: {=IFERROR(INDEX(ft_equipes_acs!$C:$C, MATCH(1, (VALUE(LEFT(ft_equipes_acs!$A:$A,6))=VALUE(LEFT(B59,6)))*(ft_equipes_acs!$B:$B=C59), 0)), "")} -> - | H59: {=IFERROR(INDEX(ci_leitos_internacao!$C:$C, MATCH(1, (VALUE(LEFT(ci_leitos_internacao!$A:$A,6))=VALUE(LEFT(B59,6)))*(ci_leitos_internacao!$B:$B=C59), 0)), "")} -> 743 | I59: {=IFERROR(INDEX(ci_hospitais_internacao!$C:$C, MATCH(1, (VALUE(LEFT(ci_hospitais_internacao!$A:$A,6))=VALUE(LEFT(B59,6)))*(ci_hospitais_internacao!$B:$B=C59), 0)), "")} -> 2 | J59: {=IFERROR(INDEX(ci_pa_clinico!$C:$C, MATCH(1, (VALUE(LEFT(ci_pa_clinico!$A:$A,6))=VALUE(LEFT(B59,6)))*(ci_pa_clinico!$B:$B=C59), 0)), "")} -> 2 | K59: {=IFERROR(INDEX(aps_equipes_esf!$C:$C, MATCH(1, (VALUE(LEFT(aps_equipes_esf!$A:$A,6))=VALUE(LEFT(B59,6)))*(aps_equipes_esf!$B:$B=C59), 0)), "")} -> 22 | L59: {=IFERROR(INDEX(casos!$C:$C, MATCH(1, (VALUE(LEFT(casos!$A:$A,6))=VALUE(LEFT(B59,6)))*(casos!$B:$B=C59), 0)), "")} -> 386 | M59: {=IFERROR(INDEX(srag!$D:$D, MATCH(1, (VALUE(LEFT(srag!$A:$A,6))=VALUE(LEFT(B59,6)))*(srag!$C:$C=C59), 0)), "")} -> 9 | N59: {=IFERROR(INDEX(fesp!$E:$E, MATCH(1, (VALUE(LEFT(fesp!$A:$A,6))=VALUE(LEFT(B59,6)))*(fesp!$C:$C=C59), 0)), "")} -> 68 | O59: {=IFERROR(INDEX(fesp!$F:$F, MATCH(1, (VALUE(LEFT(fesp!$A:$A,6))=VALUE(LEFT(B59,6)))*(fesp!$C:$C=C59), 0)), "")} -> 96 | P59: {=IFERROR(INDEX(fesp!$G:$G, MATCH(1, (VALUE(LEFT(fesp!$A:$A,6))=VALUE(LEFT(B59,6)))*(fesp!$C:$C=C59), 0)), "")} -> 967526 | Q59: {=IFERROR(INDEX(fesp!$H:$H, MATCH(1, (VALUE(LEFT(fesp!$A:$A,6))=VALUE(LEFT(B59,6)))*(fesp!$C:$C=C59), 0)), "")} -> 4 | R59: {=IFERROR(INDEX(fesp!$I:$I, MATCH(1, (VALUE(LEFT(fesp!$A:$A,6))=VALUE(LEFT(B59,6)))*(fesp!$C:$C=C59), 0)), "")} -> 32155 | S59: {=IFERROR(INDEX(fesp!$J:$J, MATCH(1, (VALUE(LEFT(fesp!$A:$A,6))=VALUE(LEFT(B59,6)))*(fesp!$C:$C=C59), 0)), "")} -> 250841
A60: Macapá (AP) | B60: 1600303 | C60: 2018 | D60: {=IFERROR(INDEX(fesp!$D:$D, MATCH(1, (VALUE(LEFT(fesp!$A:$A,6))=VALUE(LEFT(B60,6)))*(fesp!$C:$C=C60), 0)), "")} -> 0 | E60: {=IFERROR(INDEX(ft_medicos_clinicos!$C:$C, MATCH(1, (VALUE(LEFT(ft_medicos_clinicos!$A:$A,6))=VALUE(LEFT(B60,6)))*(ft_medicos_clinicos!$B:$B=C60), 0)), "")} -> 173 | F60: {=IFERROR(INDEX(ft_enfermeiros!$C:$C, MATCH(1, (VALUE(LEFT(ft_enfermeiros!$A:$A,6))=VALUE(LEFT(B60,6)))*(ft_enfermeiros!$B:$B=C60), 0)), "")} -> 548 | G60: {=IFERROR(INDEX(ft_equipes_acs!$C:$C, MATCH(1, (VALUE(LEFT(ft_equipes_acs!$A:$A,6))=VALUE(LEFT(B60,6)))*(ft_equipes_acs!$B:$B=C60), 0)), "")} -> - | H60: {=IFERROR(INDEX(ci_leitos_internacao!$C:$C, MATCH(1, (VALUE(LEFT(ci_leitos_internacao!$A:$A,6))=VALUE(LEFT(B60,6)))*(ci_leitos_internacao!$B:$B=C60), 0)), "")} -> 752 | I60: {=IFERROR(INDEX(ci_hospitais_internacao!$C:$C, MATCH(1, (VALUE(LEFT(ci_hospitais_internacao!$A:$A,6))=VALUE(LEFT(B60,6)))*(ci_hospitais_internacao!$B:$B=C60), 0)), "")} -> 2 | J60: {=IFERROR(INDEX(ci_pa_clinico!$C:$C, MATCH(1, (VALUE(LEFT(ci_pa_clinico!$A:$A,6))=VALUE(LEFT(B60,6)))*(ci_pa_clinico!$B:$B=C60), 0)), "")} -> 3 | K60: {=IFERROR(INDEX(aps_equipes_esf!$C:$C, MATCH(1, (VALUE(LEFT(aps_equipes_esf!$A:$A,6))=VALUE(LEFT(B60,6)))*(aps_equipes_esf!$B:$B=C60), 0)), "")} -> 38 | L60: {=IFERROR(INDEX(casos!$C:$C, MATCH(1, (VALUE(LEFT(casos!$A:$A,6))=VALUE(LEFT(B60,6)))*(casos!$B:$B=C60), 0)), "")} -> 366 | M60: {=IFERROR(INDEX(srag!$D:$D, MATCH(1, (VALUE(LEFT(srag!$A:$A,6))=VALUE(LEFT(B60,6)))*(srag!$C:$C=C60), 0)), "")} -> 15 | N60: {=IFERROR(INDEX(fesp!$E:$E, MATCH(1, (VALUE(LEFT(fesp!$A:$A,6))=VALUE(LEFT(B60,6)))*(fesp!$C:$C=C60), 0)), "")} -> 105 | O60: {=IFERROR(INDEX(fesp!$F:$F, MATCH(1, (VALUE(LEFT(fesp!$A:$A,6))=VALUE(LEFT(B60,6)))*(fesp!$C:$C=C60), 0)), "")} -> 24 | P60: {=IFERROR(INDEX(fesp!$G:$G, MATCH(1, (VALUE(LEFT(fesp!$A:$A,6))=VALUE(LEFT(B60,6)))*(fesp!$C:$C=C60), 0)), "")} -> 1340698 | Q60: {=IFERROR(INDEX(fesp!$H:$H, MATCH(1, (VALUE(LEFT(fesp!$A:$A,6))=VALUE(LEFT(B60,6)))*(fesp!$C:$C=C60), 0)), "")} -> 7 | R60: {=IFERROR(INDEX(fesp!$I:$I, MATCH(1, (VALUE(LEFT(fesp!$A:$A,6))=VALUE(LEFT(B60,6)))*(fesp!$C:$C=C60), 0)), "")} -> 6622 | S60: {=IFERROR(INDEX(fesp!$J:$J, MATCH(1, (VALUE(LEFT(fesp!$A:$A,6))=VALUE(LEFT(B60,6)))*(fesp!$C:$C=C60), 0)), "")} -> 20377
A61: Macapá (AP) | B61: 1600303 | C61: 2019 | D61: {=IFERROR(INDEX(fesp!$D:$D, MATCH(1, (VALUE(LEFT(fesp!$A:$A,6))=VALUE(LEFT(B61,6)))*(fesp!$C:$C=C61), 0)), "")} -> 0 | E61: {=IFERROR(INDEX(ft_medicos_clinicos!$C:$C, MATCH(1, (VALUE(LEFT(ft_medicos_clinicos!$A:$A,6))=VALUE(LEFT(B61,6)))*(ft_medicos_clinicos!$B:$B=C61), 0)), "")} -> 166 | F61: {=IFERROR(INDEX(ft_enfermeiros!$C:$C, MATCH(1, (VALUE(LEFT(ft_enfermeiros!$A:$A,6))=VALUE(LEFT(B61,6)))*(ft_enfermeiros!$B:$B=C61), 0)), "")} -> 545 | G61: {=IFERROR(INDEX(ft_equipes_acs!$C:$C, MATCH(1, (VALUE(LEFT(ft_equipes_acs!$A:$A,6))=VALUE(LEFT(B61,6)))*(ft_equipes_acs!$B:$B=C61), 0)), "")} -> 2 | H61: {=IFERROR(INDEX(ci_leitos_internacao!$C:$C, MATCH(1, (VALUE(LEFT(ci_leitos_internacao!$A:$A,6))=VALUE(LEFT(B61,6)))*(ci_leitos_internacao!$B:$B=C61), 0)), "")} -> 710 | I61: {=IFERROR(INDEX(ci_hospitais_internacao!$C:$C, MATCH(1, (VALUE(LEFT(ci_hospitais_internacao!$A:$A,6))=VALUE(LEFT(B61,6)))*(ci_hospitais_internacao!$B:$B=C61), 0)), "")} -> 3 | J61: {=IFERROR(INDEX(ci_pa_clinico!$C:$C, MATCH(1, (VALUE(LEFT(ci_pa_clinico!$A:$A,6))=VALUE(LEFT(B61,6)))*(ci_pa_clinico!$B:$B=C61), 0)), "")} -> 2 | K61: {=IFERROR(INDEX(aps_equipes_esf!$C:$C, MATCH(1, (VALUE(LEFT(aps_equipes_esf!$A:$A,6))=VALUE(LEFT(B61,6)))*(aps_equipes_esf!$B:$B=C61), 0)), "")} -> 26 | L61: {=IFERROR(INDEX(casos!$C:$C, MATCH(1, (VALUE(LEFT(casos!$A:$A,6))=VALUE(LEFT(B61,6)))*(casos!$B:$B=C61), 0)), "")} -> 158 | M61: {=IFERROR(INDEX(srag!$D:$D, MATCH(1, (VALUE(LEFT(srag!$A:$A,6))=VALUE(LEFT(B61,6)))*(srag!$C:$C=C61), 0)), "")} -> 22 | N61: {=IFERROR(INDEX(fesp!$E:$E, MATCH(1, (VALUE(LEFT(fesp!$A:$A,6))=VALUE(LEFT(B61,6)))*(fesp!$C:$C=C61), 0)), "")} -> 56 | O61: {=IFERROR(INDEX(fesp!$F:$F, MATCH(1, (VALUE(LEFT(fesp!$A:$A,6))=VALUE(LEFT(B61,6)))*(fesp!$C:$C=C61), 0)), "")} -> 251 | P61: {=IFERROR(INDEX(fesp!$G:$G, MATCH(1, (VALUE(LEFT(fesp!$A:$A,6))=VALUE(LEFT(B61,6)))*(fesp!$C:$C=C61), 0)), "")} -> 1394991 | Q61: {=IFERROR(INDEX(fesp!$H:$H, MATCH(1, (VALUE(LEFT(fesp!$A:$A,6))=VALUE(LEFT(B61,6)))*(fesp!$C:$C=C61), 0)), "")} -> 6 | R61: {=IFERROR(INDEX(fesp!$I:$I, MATCH(1, (VALUE(LEFT(fesp!$A:$A,6))=VALUE(LEFT(B61,6)))*(fesp!$C:$C=C61), 0)), "")} -> 467 | S61: {=IFERROR(INDEX(fesp!$J:$J, MATCH(1, (VALUE(LEFT(fesp!$A:$A,6))=VALUE(LEFT(B61,6)))*(fesp!$C:$C=C61), 0)), "")} -> 20
A62: Macapá (AP) | B62: 1600303 | C62: 2020 | D62: {=IFERROR(INDEX(fesp!$D:$D, MATCH(1, (VALUE(LEFT(fesp!$A:$A,6))=VALUE(LEFT(B62,6)))*(fesp!$C:$C=C62), 0)), "")} -> 0 | E62: {=IFERROR(INDEX(ft_medicos_clinicos!$C:$C, MATCH(1, (VALUE(LEFT(ft_medicos_clinicos!$A:$A,6))=VALUE(LEFT(B62,6)))*(ft_medicos_clinicos!$B:$B=C62), 0)), "")} -> 201 | F62: {=IFERROR(INDEX(ft_enfermeiros!$C:$C, MATCH(1, (VALUE(LEFT(ft_enfermeiros!$A:$A,6))=VALUE(LEFT(B62,6)))*(ft_enfermeiros!$B:$B=C62), 0)), "")} -> 662 | G62: {=IFERROR(INDEX(ft_equipes_acs!$C:$C, MATCH(1, (VALUE(LEFT(ft_equipes_acs!$A:$A,6))=VALUE(LEFT(B62,6)))*(ft_equipes_acs!$B:$B=C62), 0)), "")} -> - | H62: {=IFERROR(INDEX(ci_leitos_internacao!$C:$C, MATCH(1, (VALUE(LEFT(ci_leitos_internacao!$A:$A,6))=VALUE(LEFT(B62,6)))*(ci_leitos_internacao!$B:$B=C62), 0)), "")} -> 828 | I62: {=IFERROR(INDEX(ci_hospitais_internacao!$C:$C, MATCH(1, (VALUE(LEFT(ci_hospitais_internacao!$A:$A,6))=VALUE(LEFT(B62,6)))*(ci_hospitais_internacao!$B:$B=C62), 0)), "")} -> 4 | J62: {=IFERROR(INDEX(ci_pa_clinico!$C:$C, MATCH(1, (VALUE(LEFT(ci_pa_clinico!$A:$A,6))=VALUE(LEFT(B62,6)))*(ci_pa_clinico!$B:$B=C62), 0)), "")} -> 3 | K62: {=IFERROR(INDEX(aps_equipes_esf!$C:$C, MATCH(1, (VALUE(LEFT(aps_equipes_esf!$A:$A,6))=VALUE(LEFT(B62,6)))*(aps_equipes_esf!$B:$B=C62), 0)), "")} -> - | L62: {=IFERROR(INDEX(casos!$C:$C, MATCH(1, (VALUE(LEFT(casos!$A:$A,6))=VALUE(LEFT(B62,6)))*(casos!$B:$B=C62), 0)), "")} -> 36 | M62: {=IFERROR(INDEX(srag!$D:$D, MATCH(1, (VALUE(LEFT(srag!$A:$A,6))=VALUE(LEFT(B62,6)))*(srag!$C:$C=C62), 0)), "")} -> 1473 | N62: {=IFERROR(INDEX(fesp!$E:$E, MATCH(1, (VALUE(LEFT(fesp!$A:$A,6))=VALUE(LEFT(B62,6)))*(fesp!$C:$C=C62), 0)), "")} -> 41 | O62: {=IFERROR(INDEX(fesp!$F:$F, MATCH(1, (VALUE(LEFT(fesp!$A:$A,6))=VALUE(LEFT(B62,6)))*(fesp!$C:$C=C62), 0)), "")} -> 6930 | P62: {=IFERROR(INDEX(fesp!$G:$G, MATCH(1, (VALUE(LEFT(fesp!$A:$A,6))=VALUE(LEFT(B62,6)))*(fesp!$C:$C=C62), 0)), "")} -> 1007855 | Q62: {=IFERROR(INDEX(fesp!$H:$H, MATCH(1, (VALUE(LEFT(fesp!$A:$A,6))=VALUE(LEFT(B62,6)))*(fesp!$C:$C=C62), 0)), "")} -> 1 | R62: {=IFERROR(INDEX(fesp!$I:$I, MATCH(1, (VALUE(LEFT(fesp!$A:$A,6))=VALUE(LEFT(B62,6)))*(fesp!$C:$C=C62), 0)), "")} -> 285 | S62: {=IFERROR(INDEX(fesp!$J:$J, MATCH(1, (VALUE(LEFT(fesp!$A:$A,6))=VALUE(LEFT(B62,6)))*(fesp!$C:$C=C62), 0)), "")} -> 9810
A63: Macapá (AP) | B63: 1600303 | C63: 2021 | D63: {=IFERROR(INDEX(fesp!$D:$D, MATCH(1, (VALUE(LEFT(fesp!$A:$A,6))=VALUE(LEFT(B63,6)))*(fesp!$C:$C=C63), 0)), "")} -> 0 | E63: {=IFERROR(INDEX(ft_medicos_clinicos!$C:$C, MATCH(1, (VALUE(LEFT(ft_medicos_clinicos!$A:$A,6))=VALUE(LEFT(B63,6)))*(ft_medicos_clinicos!$B:$B=C63), 0)), "")} -> 215 | F63: {=IFERROR(INDEX(ft_enfermeiros!$C:$C, MATCH(1, (VALUE(LEFT(ft_enfermeiros!$A:$A,6))=VALUE(LEFT(B63,6)))*(ft_enfermeiros!$B:$B=C63), 0)), "")} -> 766 | G63: {=IFERROR(INDEX(ft_equipes_acs!$C:$C, MATCH(1, (VALUE(LEFT(ft_equipes_acs!$A:$A,6))=VALUE(LEFT(B63,6)))*(ft_equipes_acs!$B:$B=C63), 0)), "")} -> - | H63: {=IFERROR(INDEX(ci_leitos_internacao!$C:$C, MATCH(1, (VALUE(LEFT(ci_leitos_internacao!$A:$A,6))=VALUE(LEFT(B63,6)))*(ci_leitos_internacao!$B:$B=C63), 0)), "")} -> 808 | I63: {=IFERROR(INDEX(ci_hospitais_internacao!$C:$C, MATCH(1, (VALUE(LEFT(ci_hospitais_internacao!$A:$A,6))=VALUE(LEFT(B63,6)))*(ci_hospitais_internacao!$B:$B=C63), 0)), "")} -> 4 | J63: {=IFERROR(INDEX(ci_pa_clinico!$C:$C, MATCH(1, (VALUE(LEFT(ci_pa_clinico!$A:$A,6))=VALUE(LEFT(B63,6)))*(ci_pa_clinico!$B:$B=C63), 0)), "")} -> 2 | K63: {=IFERROR(INDEX(aps_equipes_esf!$C:$C, MATCH(1, (VALUE(LEFT(aps_equipes_esf!$A:$A,6))=VALUE(LEFT(B63,6)))*(aps_equipes_esf!$B:$B=C63), 0)), "")} -> - | L63: {=IFERROR(INDEX(casos!$C:$C, MATCH(1, (VALUE(LEFT(casos!$A:$A,6))=VALUE(LEFT(B63,6)))*(casos!$B:$B=C63), 0)), "")} -> 245 | M63: {=IFERROR(INDEX(srag!$D:$D, MATCH(1, (VALUE(LEFT(srag!$A:$A,6))=VALUE(LEFT(B63,6)))*(srag!$C:$C=C63), 0)), "")} -> 2560 | N63: {=IFERROR(INDEX(fesp!$E:$E, MATCH(1, (VALUE(LEFT(fesp!$A:$A,6))=VALUE(LEFT(B63,6)))*(fesp!$C:$C=C63), 0)), "")} -> 43 | O63: {=IFERROR(INDEX(fesp!$F:$F, MATCH(1, (VALUE(LEFT(fesp!$A:$A,6))=VALUE(LEFT(B63,6)))*(fesp!$C:$C=C63), 0)), "")} -> 48732 | P63: {=IFERROR(INDEX(fesp!$G:$G, MATCH(1, (VALUE(LEFT(fesp!$A:$A,6))=VALUE(LEFT(B63,6)))*(fesp!$C:$C=C63), 0)), "")} -> 1646292 | Q63: {=IFERROR(INDEX(fesp!$H:$H, MATCH(1, (VALUE(LEFT(fesp!$A:$A,6))=VALUE(LEFT(B63,6)))*(fesp!$C:$C=C63), 0)), "")} -> 1 | R63: {=IFERROR(INDEX(fesp!$I:$I, MATCH(1, (VALUE(LEFT(fesp!$A:$A,6))=VALUE(LEFT(B63,6)))*(fesp!$C:$C=C63), 0)), "")} -> 26 | S63: {=IFERROR(INDEX(fesp!$J:$J, MATCH(1, (VALUE(LEFT(fesp!$A:$A,6))=VALUE(LEFT(B63,6)))*(fesp!$C:$C=C63), 0)), "")} -> 12433
A64: Macapá (AP) | B64: 1600303 | C64: 2022 | D64: {=IFERROR(INDEX(fesp!$D:$D, MATCH(1, (VALUE(LEFT(fesp!$A:$A,6))=VALUE(LEFT(B64,6)))*(fesp!$C:$C=C64), 0)), "")} -> 442933 | E64: {=IFERROR(INDEX(ft_medicos_clinicos!$C:$C, MATCH(1, (VALUE(LEFT(ft_medicos_clinicos!$A:$A,6))=VALUE(LEFT(B64,6)))*(ft_medicos_clinicos!$B:$B=C64), 0)), "")} -> 246 | F64: {=IFERROR(INDEX(ft_enfermeiros!$C:$C, MATCH(1, (VALUE(LEFT(ft_enfermeiros!$A:$A,6))=VALUE(LEFT(B64,6)))*(ft_enfermeiros!$B:$B=C64), 0)), "")} -> 977 | G64: {=IFERROR(INDEX(ft_equipes_acs!$C:$C, MATCH(1, (VALUE(LEFT(ft_equipes_acs!$A:$A,6))=VALUE(LEFT(B64,6)))*(ft_equipes_acs!$B:$B=C64), 0)), "")} -> - | H64: {=IFERROR(INDEX(ci_leitos_internacao!$C:$C, MATCH(1, (VALUE(LEFT(ci_leitos_internacao!$A:$A,6))=VALUE(LEFT(B64,6)))*(ci_leitos_internacao!$B:$B=C64), 0)), "")} -> 967 | I64: {=IFERROR(INDEX(ci_hospitais_internacao!$C:$C, MATCH(1, (VALUE(LEFT(ci_hospitais_internacao!$A:$A,6))=VALUE(LEFT(B64,6)))*(ci_hospitais_internacao!$B:$B=C64), 0)), "")} -> 4 | J64: {=IFERROR(INDEX(ci_pa_clinico!$C:$C, MATCH(1, (VALUE(LEFT(ci_pa_clinico!$A:$A,6))=VALUE(LEFT(B64,6)))*(ci_pa_clinico!$B:$B=C64), 0)), "")} -> 7 | K64: {=IFERROR(INDEX(aps_equipes_esf!$C:$C, MATCH(1, (VALUE(LEFT(aps_equipes_esf!$A:$A,6))=VALUE(LEFT(B64,6)))*(aps_equipes_esf!$B:$B=C64), 0)), "")} -> - | L64: {=IFERROR(INDEX(casos!$C:$C, MATCH(1, (VALUE(LEFT(casos!$A:$A,6))=VALUE(LEFT(B64,6)))*(casos!$B:$B=C64), 0)), "")} -> 233 | M64: {=IFERROR(INDEX(srag!$D:$D, MATCH(1, (VALUE(LEFT(srag!$A:$A,6))=VALUE(LEFT(B64,6)))*(srag!$C:$C=C64), 0)), "")} -> 708 | N64: {=IFERROR(INDEX(fesp!$E:$E, MATCH(1, (VALUE(LEFT(fesp!$A:$A,6))=VALUE(LEFT(B64,6)))*(fesp!$C:$C=C64), 0)), "")} -> 62 | O64: {=IFERROR(INDEX(fesp!$F:$F, MATCH(1, (VALUE(LEFT(fesp!$A:$A,6))=VALUE(LEFT(B64,6)))*(fesp!$C:$C=C64), 0)), "")} -> 25033 | P64: {=IFERROR(INDEX(fesp!$G:$G, MATCH(1, (VALUE(LEFT(fesp!$A:$A,6))=VALUE(LEFT(B64,6)))*(fesp!$C:$C=C64), 0)), "")} -> 1980194 | Q64: {=IFERROR(INDEX(fesp!$H:$H, MATCH(1, (VALUE(LEFT(fesp!$A:$A,6))=VALUE(LEFT(B64,6)))*(fesp!$C:$C=C64), 0)), "")} -> 3 | R64: {=IFERROR(INDEX(fesp!$I:$I, MATCH(1, (VALUE(LEFT(fesp!$A:$A,6))=VALUE(LEFT(B64,6)))*(fesp!$C:$C=C64), 0)), "")} -> 0 | S64: {=IFERROR(INDEX(fesp!$J:$J, MATCH(1, (VALUE(LEFT(fesp!$A:$A,6))=VALUE(LEFT(B64,6)))*(fesp!$C:$C=C64), 0)), "")} -> 47398
A65: Macapá (AP) | B65: 1600303 | C65: 2023 | D65: {=IFERROR(INDEX(fesp!$D:$D, MATCH(1, (VALUE(LEFT(fesp!$A:$A,6))=VALUE(LEFT(B65,6)))*(fesp!$C:$C=C65), 0)), "")} -> 0 | E65: {=IFERROR(INDEX(ft_medicos_clinicos!$C:$C, MATCH(1, (VALUE(LEFT(ft_medicos_clinicos!$A:$A,6))=VALUE(LEFT(B65,6)))*(ft_medicos_clinicos!$B:$B=C65), 0)), "")} -> 280 | F65: {=IFERROR(INDEX(ft_enfermeiros!$C:$C, MATCH(1, (VALUE(LEFT(ft_enfermeiros!$A:$A,6))=VALUE(LEFT(B65,6)))*(ft_enfermeiros!$B:$B=C65), 0)), "")} -> 1296 | G65: {=IFERROR(INDEX(ft_equipes_acs!$C:$C, MATCH(1, (VALUE(LEFT(ft_equipes_acs!$A:$A,6))=VALUE(LEFT(B65,6)))*(ft_equipes_acs!$B:$B=C65), 0)), "")} -> - | H65: {=IFERROR(INDEX(ci_leitos_internacao!$C:$C, MATCH(1, (VALUE(LEFT(ci_leitos_internacao!$A:$A,6))=VALUE(LEFT(B65,6)))*(ci_leitos_internacao!$B:$B=C65), 0)), "")} -> 1071 | I65: {=IFERROR(INDEX(ci_hospitais_internacao!$C:$C, MATCH(1, (VALUE(LEFT(ci_hospitais_internacao!$A:$A,6))=VALUE(LEFT(B65,6)))*(ci_hospitais_internacao!$B:$B=C65), 0)), "")} -> 4 | J65: {=IFERROR(INDEX(ci_pa_clinico!$C:$C, MATCH(1, (VALUE(LEFT(ci_pa_clinico!$A:$A,6))=VALUE(LEFT(B65,6)))*(ci_pa_clinico!$B:$B=C65), 0)), "")} -> 4 | K65: {=IFERROR(INDEX(aps_equipes_esf!$C:$C, MATCH(1, (VALUE(LEFT(aps_equipes_esf!$A:$A,6))=VALUE(LEFT(B65,6)))*(aps_equipes_esf!$B:$B=C65), 0)), "")} -> - | L65: {=IFERROR(INDEX(casos!$C:$C, MATCH(1, (VALUE(LEFT(casos!$A:$A,6))=VALUE(LEFT(B65,6)))*(casos!$B:$B=C65), 0)), "")} -> 633 | M65: {=IFERROR(INDEX(srag!$D:$D, MATCH(1, (VALUE(LEFT(srag!$A:$A,6))=VALUE(LEFT(B65,6)))*(srag!$C:$C=C65), 0)), "")} -> 1668 | N65: {=IFERROR(INDEX(fesp!$E:$E, MATCH(1, (VALUE(LEFT(fesp!$A:$A,6))=VALUE(LEFT(B65,6)))*(fesp!$C:$C=C65), 0)), "")} -> 67 | O65: {=IFERROR(INDEX(fesp!$F:$F, MATCH(1, (VALUE(LEFT(fesp!$A:$A,6))=VALUE(LEFT(B65,6)))*(fesp!$C:$C=C65), 0)), "")} -> 11012 | P65: {=IFERROR(INDEX(fesp!$G:$G, MATCH(1, (VALUE(LEFT(fesp!$A:$A,6))=VALUE(LEFT(B65,6)))*(fesp!$C:$C=C65), 0)), "")} -> 2669989 | Q65: {=IFERROR(INDEX(fesp!$H:$H, MATCH(1, (VALUE(LEFT(fesp!$A:$A,6))=VALUE(LEFT(B65,6)))*(fesp!$C:$C=C65), 0)), "")} -> 12 | R65: {=IFERROR(INDEX(fesp!$I:$I, MATCH(1, (VALUE(LEFT(fesp!$A:$A,6))=VALUE(LEFT(B65,6)))*(fesp!$C:$C=C65), 0)), "")} -> 27 | S65: {=IFERROR(INDEX(fesp!$J:$J, MATCH(1, (VALUE(LEFT(fesp!$A:$A,6))=VALUE(LEFT(B65,6)))*(fesp!$C:$C=C65), 0)), "")} -> 0
A66: Macapá (AP) | B66: 1600303 | C66: 2024 | D66: {=IFERROR(INDEX(fesp!$D:$D, MATCH(1, (VALUE(LEFT(fesp!$A:$A,6))=VALUE(LEFT(B66,6)))*(fesp!$C:$C=C66), 0)), "")} -> 0 | E66: {=IFERROR(INDEX(ft_medicos_clinicos!$C:$C, MATCH(1, (VALUE(LEFT(ft_medicos_clinicos!$A:$A,6))=VALUE(LEFT(B66,6)))*(ft_medicos_clinicos!$B:$B=C66), 0)), "")} -> 335 | F66: {=IFERROR(INDEX(ft_enfermeiros!$C:$C, MATCH(1, (VALUE(LEFT(ft_enfermeiros!$A:$A,6))=VALUE(LEFT(B66,6)))*(ft_enfermeiros!$B:$B=C66), 0)), "")} -> 1384 | G66: {=IFERROR(INDEX(ft_equipes_acs!$C:$C, MATCH(1, (VALUE(LEFT(ft_equipes_acs!$A:$A,6))=VALUE(LEFT(B66,6)))*(ft_equipes_acs!$B:$B=C66), 0)), "")} -> - | H66: {=IFERROR(INDEX(ci_leitos_internacao!$C:$C, MATCH(1, (VALUE(LEFT(ci_leitos_internacao!$A:$A,6))=VALUE(LEFT(B66,6)))*(ci_leitos_internacao!$B:$B=C66), 0)), "")} -> 1156 | I66: {=IFERROR(INDEX(ci_hospitais_internacao!$C:$C, MATCH(1, (VALUE(LEFT(ci_hospitais_internacao!$A:$A,6))=VALUE(LEFT(B66,6)))*(ci_hospitais_internacao!$B:$B=C66), 0)), "")} -> 5 | J66: {=IFERROR(INDEX(ci_pa_clinico!$C:$C, MATCH(1, (VALUE(LEFT(ci_pa_clinico!$A:$A,6))=VALUE(LEFT(B66,6)))*(ci_pa_clinico!$B:$B=C66), 0)), "")} -> 5 | K66: {=IFERROR(INDEX(aps_equipes_esf!$C:$C, MATCH(1, (VALUE(LEFT(aps_equipes_esf!$A:$A,6))=VALUE(LEFT(B66,6)))*(aps_equipes_esf!$B:$B=C66), 0)), "")} -> - | L66: {=IFERROR(INDEX(casos!$C:$C, MATCH(1, (VALUE(LEFT(casos!$A:$A,6))=VALUE(LEFT(B66,6)))*(casos!$B:$B=C66), 0)), "")} -> 5757 | M66: {=IFERROR(INDEX(srag!$D:$D, MATCH(1, (VALUE(LEFT(srag!$A:$A,6))=VALUE(LEFT(B66,6)))*(srag!$C:$C=C66), 0)), "")} -> 1325 | N66: {=IFERROR(INDEX(fesp!$E:$E, MATCH(1, (VALUE(LEFT(fesp!$A:$A,6))=VALUE(LEFT(B66,6)))*(fesp!$C:$C=C66), 0)), "")} -> 85 | O66: {=IFERROR(INDEX(fesp!$F:$F, MATCH(1, (VALUE(LEFT(fesp!$A:$A,6))=VALUE(LEFT(B66,6)))*(fesp!$C:$C=C66), 0)), "")} -> 4830 | P66: {=IFERROR(INDEX(fesp!$G:$G, MATCH(1, (VALUE(LEFT(fesp!$A:$A,6))=VALUE(LEFT(B66,6)))*(fesp!$C:$C=C66), 0)), "")} -> 3151293 | Q66: {=IFERROR(INDEX(fesp!$H:$H, MATCH(1, (VALUE(LEFT(fesp!$A:$A,6))=VALUE(LEFT(B66,6)))*(fesp!$C:$C=C66), 0)), "")} -> 25 | R66: {=IFERROR(INDEX(fesp!$I:$I, MATCH(1, (VALUE(LEFT(fesp!$A:$A,6))=VALUE(LEFT(B66,6)))*(fesp!$C:$C=C66), 0)), "")} -> 0 | S66: {=IFERROR(INDEX(fesp!$J:$J, MATCH(1, (VALUE(LEFT(fesp!$A:$A,6))=VALUE(LEFT(B66,6)))*(fesp!$C:$C=C66), 0)), "")} -> 0
A67: Macapá (AP) | B67: 1600303 | C67: 2025 | D67: {=IFERROR(INDEX(fesp!$D:$D, MATCH(1, (VALUE(LEFT(fesp!$A:$A,6))=VALUE(LEFT(B67,6)))*(fesp!$C:$C=C67), 0)), "")} -> 0 | E67: {=IFERROR(INDEX(ft_medicos_clinicos!$C:$C, MATCH(1, (VALUE(LEFT(ft_medicos_clinicos!$A:$A,6))=VALUE(LEFT(B67,6)))*(ft_medicos_clinicos!$B:$B=C67), 0)), "")} -> 404 | F67: {=IFERROR(INDEX(ft_enfermeiros!$C:$C, MATCH(1, (VALUE(LEFT(ft_enfermeiros!$A:$A,6))=VALUE(LEFT(B67,6)))*(ft_enfermeiros!$B:$B=C67), 0)), "")} -> 1436 | G67: {=IFERROR(INDEX(ft_equipes_acs!$C:$C, MATCH(1, (VALUE(LEFT(ft_equipes_acs!$A:$A,6))=VALUE(LEFT(B67,6)))*(ft_equipes_acs!$B:$B=C67), 0)), "")} -> - | H67: {=IFERROR(INDEX(ci_leitos_internacao!$C:$C, MATCH(1, (VALUE(LEFT(ci_leitos_internacao!$A:$A,6))=VALUE(LEFT(B67,6)))*(ci_leitos_internacao!$B:$B=C67), 0)), "")} -> 1085 | I67: {=IFERROR(INDEX(ci_hospitais_internacao!$C:$C, MATCH(1, (VALUE(LEFT(ci_hospitais_internacao!$A:$A,6))=VALUE(LEFT(B67,6)))*(ci_hospitais_internacao!$B:$B=C67), 0)), "")} -> 6 | J67: {=IFERROR(INDEX(ci_pa_clinico!$C:$C, MATCH(1, (VALUE(LEFT(ci_pa_clinico!$A:$A,6))=VALUE(LEFT(B67,6)))*(ci_pa_clinico!$B:$B=C67), 0)), "")} -> 6 | K67: {=IFERROR(INDEX(aps_equipes_esf!$C:$C, MATCH(1, (VALUE(LEFT(aps_equipes_esf!$A:$A,6))=VALUE(LEFT(B67,6)))*(aps_equipes_esf!$B:$B=C67), 0)), "")} -> - | L67: {=IFERROR(INDEX(casos!$C:$C, MATCH(1, (VALUE(LEFT(casos!$A:$A,6))=VALUE(LEFT(B67,6)))*(casos!$B:$B=C67), 0)), "")} -> 1367 | M67: {=IFERROR(INDEX(srag!$D:$D, MATCH(1, (VALUE(LEFT(srag!$A:$A,6))=VALUE(LEFT(B67,6)))*(srag!$C:$C=C67), 0)), "")} -> 1361 | N67: {=IFERROR(INDEX(fesp!$E:$E, MATCH(1, (VALUE(LEFT(fesp!$A:$A,6))=VALUE(LEFT(B67,6)))*(fesp!$C:$C=C67), 0)), "")} -> 83 | O67: {=IFERROR(INDEX(fesp!$F:$F, MATCH(1, (VALUE(LEFT(fesp!$A:$A,6))=VALUE(LEFT(B67,6)))*(fesp!$C:$C=C67), 0)), "")} -> 8386 | P67: {=IFERROR(INDEX(fesp!$G:$G, MATCH(1, (VALUE(LEFT(fesp!$A:$A,6))=VALUE(LEFT(B67,6)))*(fesp!$C:$C=C67), 0)), "")} -> 3045626 | Q67: {=IFERROR(INDEX(fesp!$H:$H, MATCH(1, (VALUE(LEFT(fesp!$A:$A,6))=VALUE(LEFT(B67,6)))*(fesp!$C:$C=C67), 0)), "")} -> 14 | R67: {=IFERROR(INDEX(fesp!$I:$I, MATCH(1, (VALUE(LEFT(fesp!$A:$A,6))=VALUE(LEFT(B67,6)))*(fesp!$C:$C=C67), 0)), "")} -> 0 | S67: {=IFERROR(INDEX(fesp!$J:$J, MATCH(1, (VALUE(LEFT(fesp!$A:$A,6))=VALUE(LEFT(B67,6)))*(fesp!$C:$C=C67), 0)), "")} -> 0
A68: São Luís (MA) | B68: 2111300 | C68: 2015 | D68: {=IFERROR(INDEX(fesp!$D:$D, MATCH(1, (VALUE(LEFT(fesp!$A:$A,6))=VALUE(LEFT(B68,6)))*(fesp!$C:$C=C68), 0)), "")} -> 1073893 | E68: {=IFERROR(INDEX(ft_medicos_clinicos!$C:$C, MATCH(1, (VALUE(LEFT(ft_medicos_clinicos!$A:$A,6))=VALUE(LEFT(B68,6)))*(ft_medicos_clinicos!$B:$B=C68), 0)), "")} -> 513 | F68: {=IFERROR(INDEX(ft_enfermeiros!$C:$C, MATCH(1, (VALUE(LEFT(ft_enfermeiros!$A:$A,6))=VALUE(LEFT(B68,6)))*(ft_enfermeiros!$B:$B=C68), 0)), "")} -> 1389 | G68: {=IFERROR(INDEX(ft_equipes_acs!$C:$C, MATCH(1, (VALUE(LEFT(ft_equipes_acs!$A:$A,6))=VALUE(LEFT(B68,6)))*(ft_equipes_acs!$B:$B=C68), 0)), "")} -> 16 | H68: {=IFERROR(INDEX(ci_leitos_internacao!$C:$C, MATCH(1, (VALUE(LEFT(ci_leitos_internacao!$A:$A,6))=VALUE(LEFT(B68,6)))*(ci_leitos_internacao!$B:$B=C68), 0)), "")} -> 3956 | I68: {=IFERROR(INDEX(ci_hospitais_internacao!$C:$C, MATCH(1, (VALUE(LEFT(ci_hospitais_internacao!$A:$A,6))=VALUE(LEFT(B68,6)))*(ci_hospitais_internacao!$B:$B=C68), 0)), "")} -> 8 | J68: {=IFERROR(INDEX(ci_pa_clinico!$C:$C, MATCH(1, (VALUE(LEFT(ci_pa_clinico!$A:$A,6))=VALUE(LEFT(B68,6)))*(ci_pa_clinico!$B:$B=C68), 0)), "")} | K68: {=IFERROR(INDEX(aps_equipes_esf!$C:$C, MATCH(1, (VALUE(LEFT(aps_equipes_esf!$A:$A,6))=VALUE(LEFT(B68,6)))*(aps_equipes_esf!$B:$B=C68), 0)), "")} -> 64 | L68: {=IFERROR(INDEX(casos!$C:$C, MATCH(1, (VALUE(LEFT(casos!$A:$A,6))=VALUE(LEFT(B68,6)))*(casos!$B:$B=C68), 0)), "")} -> 2896 | M68: {=IFERROR(INDEX(srag!$D:$D, MATCH(1, (VALUE(LEFT(srag!$A:$A,6))=VALUE(LEFT(B68,6)))*(srag!$C:$C=C68), 0)), "")} -> 21 | N68: {=IFERROR(INDEX(fesp!$E:$E, MATCH(1, (VALUE(LEFT(fesp!$A:$A,6))=VALUE(LEFT(B68,6)))*(fesp!$C:$C=C68), 0)), "")} -> 493 | O68: {=IFERROR(INDEX(fesp!$F:$F, MATCH(1, (VALUE(LEFT(fesp!$A:$A,6))=VALUE(LEFT(B68,6)))*(fesp!$C:$C=C68), 0)), "")} -> 20337 | P68: {=IFERROR(INDEX(fesp!$G:$G, MATCH(1, (VALUE(LEFT(fesp!$A:$A,6))=VALUE(LEFT(B68,6)))*(fesp!$C:$C=C68), 0)), "")} -> 6341203 | Q68: {=IFERROR(INDEX(fesp!$H:$H, MATCH(1, (VALUE(LEFT(fesp!$A:$A,6))=VALUE(LEFT(B68,6)))*(fesp!$C:$C=C68), 0)), "")} -> 166 | R68: {=IFERROR(INDEX(fesp!$I:$I, MATCH(1, (VALUE(LEFT(fesp!$A:$A,6))=VALUE(LEFT(B68,6)))*(fesp!$C:$C=C68), 0)), "")} -> 58032 | S68: {=IFERROR(INDEX(fesp!$J:$J, MATCH(1, (VALUE(LEFT(fesp!$A:$A,6))=VALUE(LEFT(B68,6)))*(fesp!$C:$C=C68), 0)), "")} -> 511490
A69: São Luís (MA) | B69: 2111300 | C69: 2016 | D69: {=IFERROR(INDEX(fesp!$D:$D, MATCH(1, (VALUE(LEFT(fesp!$A:$A,6))=VALUE(LEFT(B69,6)))*(fesp!$C:$C=C69), 0)), "")} -> 0 | E69: {=IFERROR(INDEX(ft_medicos_clinicos!$C:$C, MATCH(1, (VALUE(LEFT(ft_medicos_clinicos!$A:$A,6))=VALUE(LEFT(B69,6)))*(ft_medicos_clinicos!$B:$B=C69), 0)), "")} -> 524 | F69: {=IFERROR(INDEX(ft_enfermeiros!$C:$C, MATCH(1, (VALUE(LEFT(ft_enfermeiros!$A:$A,6))=VALUE(LEFT(B69,6)))*(ft_enfermeiros!$B:$B=C69), 0)), "")} -> 1549 | G69: {=IFERROR(INDEX(ft_equipes_acs!$C:$C, MATCH(1, (VALUE(LEFT(ft_equipes_acs!$A:$A,6))=VALUE(LEFT(B69,6)))*(ft_equipes_acs!$B:$B=C69), 0)), "")} -> 17 | H69: {=IFERROR(INDEX(ci_leitos_internacao!$C:$C, MATCH(1, (VALUE(LEFT(ci_leitos_internacao!$A:$A,6))=VALUE(LEFT(B69,6)))*(ci_leitos_internacao!$B:$B=C69), 0)), "")} -> 3863 | I69: {=IFERROR(INDEX(ci_hospitais_internacao!$C:$C, MATCH(1, (VALUE(LEFT(ci_hospitais_internacao!$A:$A,6))=VALUE(LEFT(B69,6)))*(ci_hospitais_internacao!$B:$B=C69), 0)), "")} -> 8 | J69: {=IFERROR(INDEX(ci_pa_clinico!$C:$C, MATCH(1, (VALUE(LEFT(ci_pa_clinico!$A:$A,6))=VALUE(LEFT(B69,6)))*(ci_pa_clinico!$B:$B=C69), 0)), "")} | K69: {=IFERROR(INDEX(aps_equipes_esf!$C:$C, MATCH(1, (VALUE(LEFT(aps_equipes_esf!$A:$A,6))=VALUE(LEFT(B69,6)))*(aps_equipes_esf!$B:$B=C69), 0)), "")} -> 63 | L69: {=IFERROR(INDEX(casos!$C:$C, MATCH(1, (VALUE(LEFT(casos!$A:$A,6))=VALUE(LEFT(B69,6)))*(casos!$B:$B=C69), 0)), "")} -> 5583 | M69: {=IFERROR(INDEX(srag!$D:$D, MATCH(1, (VALUE(LEFT(srag!$A:$A,6))=VALUE(LEFT(B69,6)))*(srag!$C:$C=C69), 0)), "")} -> 28 | N69: {=IFERROR(INDEX(fesp!$E:$E, MATCH(1, (VALUE(LEFT(fesp!$A:$A,6))=VALUE(LEFT(B69,6)))*(fesp!$C:$C=C69), 0)), "")} -> 606 | O69: {=IFERROR(INDEX(fesp!$F:$F, MATCH(1, (VALUE(LEFT(fesp!$A:$A,6))=VALUE(LEFT(B69,6)))*(fesp!$C:$C=C69), 0)), "")} -> 18968 | P69: {=IFERROR(INDEX(fesp!$G:$G, MATCH(1, (VALUE(LEFT(fesp!$A:$A,6))=VALUE(LEFT(B69,6)))*(fesp!$C:$C=C69), 0)), "")} -> 6837764 | Q69: {=IFERROR(INDEX(fesp!$H:$H, MATCH(1, (VALUE(LEFT(fesp!$A:$A,6))=VALUE(LEFT(B69,6)))*(fesp!$C:$C=C69), 0)), "")} -> 214 | R69: {=IFERROR(INDEX(fesp!$I:$I, MATCH(1, (VALUE(LEFT(fesp!$A:$A,6))=VALUE(LEFT(B69,6)))*(fesp!$C:$C=C69), 0)), "")} -> 74230 | S69: {=IFERROR(INDEX(fesp!$J:$J, MATCH(1, (VALUE(LEFT(fesp!$A:$A,6))=VALUE(LEFT(B69,6)))*(fesp!$C:$C=C69), 0)), "")} -> 945803
A70: São Luís (MA) | B70: 2111300 | C70: 2017 | D70: {=IFERROR(INDEX(fesp!$D:$D, MATCH(1, (VALUE(LEFT(fesp!$A:$A,6))=VALUE(LEFT(B70,6)))*(fesp!$C:$C=C70), 0)), "")} -> 0 | E70: {=IFERROR(INDEX(ft_medicos_clinicos!$C:$C, MATCH(1, (VALUE(LEFT(ft_medicos_clinicos!$A:$A,6))=VALUE(LEFT(B70,6)))*(ft_medicos_clinicos!$B:$B=C70), 0)), "")} -> 572 | F70: {=IFERROR(INDEX(ft_enfermeiros!$C:$C, MATCH(1, (VALUE(LEFT(ft_enfermeiros!$A:$A,6))=VALUE(LEFT(B70,6)))*(ft_enfermeiros!$B:$B=C70), 0)), "")} -> 1632 | G70: {=IFERROR(INDEX(ft_equipes_acs!$C:$C, MATCH(1, (VALUE(LEFT(ft_equipes_acs!$A:$A,6))=VALUE(LEFT(B70,6)))*(ft_equipes_acs!$B:$B=C70), 0)), "")} -> 16 | H70: {=IFERROR(INDEX(ci_leitos_internacao!$C:$C, MATCH(1, (VALUE(LEFT(ci_leitos_internacao!$A:$A,6))=VALUE(LEFT(B70,6)))*(ci_leitos_internacao!$B:$B=C70), 0)), "")} -> 3889 | I70: {=IFERROR(INDEX(ci_hospitais_internacao!$C:$C, MATCH(1, (VALUE(LEFT(ci_hospitais_internacao!$A:$A,6))=VALUE(LEFT(B70,6)))*(ci_hospitais_internacao!$B:$B=C70), 0)), "")} -> 9 | J70: {=IFERROR(INDEX(ci_pa_clinico!$C:$C, MATCH(1, (VALUE(LEFT(ci_pa_clinico!$A:$A,6))=VALUE(LEFT(B70,6)))*(ci_pa_clinico!$B:$B=C70), 0)), "")} | K70: {=IFERROR(INDEX(aps_equipes_esf!$C:$C, MATCH(1, (VALUE(LEFT(aps_equipes_esf!$A:$A,6))=VALUE(LEFT(B70,6)))*(aps_equipes_esf!$B:$B=C70), 0)), "")} -> 63 | L70: {=IFERROR(INDEX(casos!$C:$C, MATCH(1, (VALUE(LEFT(casos!$A:$A,6))=VALUE(LEFT(B70,6)))*(casos!$B:$B=C70), 0)), "")} -> 1261 | M70: {=IFERROR(INDEX(srag!$D:$D, MATCH(1, (VALUE(LEFT(srag!$A:$A,6))=VALUE(LEFT(B70,6)))*(srag!$C:$C=C70), 0)), "")} -> 34 | N70: {=IFERROR(INDEX(fesp!$E:$E, MATCH(1, (VALUE(LEFT(fesp!$A:$A,6))=VALUE(LEFT(B70,6)))*(fesp!$C:$C=C70), 0)), "")} -> 432 | O70: {=IFERROR(INDEX(fesp!$F:$F, MATCH(1, (VALUE(LEFT(fesp!$A:$A,6))=VALUE(LEFT(B70,6)))*(fesp!$C:$C=C70), 0)), "")} -> 16625 | P70: {=IFERROR(INDEX(fesp!$G:$G, MATCH(1, (VALUE(LEFT(fesp!$A:$A,6))=VALUE(LEFT(B70,6)))*(fesp!$C:$C=C70), 0)), "")} -> 7827795 | Q70: {=IFERROR(INDEX(fesp!$H:$H, MATCH(1, (VALUE(LEFT(fesp!$A:$A,6))=VALUE(LEFT(B70,6)))*(fesp!$C:$C=C70), 0)), "")} -> 136 | R70: {=IFERROR(INDEX(fesp!$I:$I, MATCH(1, (VALUE(LEFT(fesp!$A:$A,6))=VALUE(LEFT(B70,6)))*(fesp!$C:$C=C70), 0)), "")} -> 86662 | S70: {=IFERROR(INDEX(fesp!$J:$J, MATCH(1, (VALUE(LEFT(fesp!$A:$A,6))=VALUE(LEFT(B70,6)))*(fesp!$C:$C=C70), 0)), "")} -> 559871
A71: São Luís (MA) | B71: 2111300 | C71: 2018 | D71: {=IFERROR(INDEX(fesp!$D:$D, MATCH(1, (VALUE(LEFT(fesp!$A:$A,6))=VALUE(LEFT(B71,6)))*(fesp!$C:$C=C71), 0)), "")} -> 0 | E71: {=IFERROR(INDEX(ft_medicos_clinicos!$C:$C, MATCH(1, (VALUE(LEFT(ft_medicos_clinicos!$A:$A,6))=VALUE(LEFT(B71,6)))*(ft_medicos_clinicos!$B:$B=C71), 0)), "")} -> 566 | F71: {=IFERROR(INDEX(ft_enfermeiros!$C:$C, MATCH(1, (VALUE(LEFT(ft_enfermeiros!$A:$A,6))=VALUE(LEFT(B71,6)))*(ft_enfermeiros!$B:$B=C71), 0)), "")} -> 1935 | G71: {=IFERROR(INDEX(ft_equipes_acs!$C:$C, MATCH(1, (VALUE(LEFT(ft_equipes_acs!$A:$A,6))=VALUE(LEFT(B71,6)))*(ft_equipes_acs!$B:$B=C71), 0)), "")} -> 16 | H71: {=IFERROR(INDEX(ci_leitos_internacao!$C:$C, MATCH(1, (VALUE(LEFT(ci_leitos_internacao!$A:$A,6))=VALUE(LEFT(B71,6)))*(ci_leitos_internacao!$B:$B=C71), 0)), "")} -> 3614 | I71: {=IFERROR(INDEX(ci_hospitais_internacao!$C:$C, MATCH(1, (VALUE(LEFT(ci_hospitais_internacao!$A:$A,6))=VALUE(LEFT(B71,6)))*(ci_hospitais_internacao!$B:$B=C71), 0)), "")} -> 9 | J71: {=IFERROR(INDEX(ci_pa_clinico!$C:$C, MATCH(1, (VALUE(LEFT(ci_pa_clinico!$A:$A,6))=VALUE(LEFT(B71,6)))*(ci_pa_clinico!$B:$B=C71), 0)), "")} | K71: {=IFERROR(INDEX(aps_equipes_esf!$C:$C, MATCH(1, (VALUE(LEFT(aps_equipes_esf!$A:$A,6))=VALUE(LEFT(B71,6)))*(aps_equipes_esf!$B:$B=C71), 0)), "")} -> 63 | L71: {=IFERROR(INDEX(casos!$C:$C, MATCH(1, (VALUE(LEFT(casos!$A:$A,6))=VALUE(LEFT(B71,6)))*(casos!$B:$B=C71), 0)), "")} -> 765 | M71: {=IFERROR(INDEX(srag!$D:$D, MATCH(1, (VALUE(LEFT(srag!$A:$A,6))=VALUE(LEFT(B71,6)))*(srag!$C:$C=C71), 0)), "")} -> 177 | N71: {=IFERROR(INDEX(fesp!$E:$E, MATCH(1, (VALUE(LEFT(fesp!$A:$A,6))=VALUE(LEFT(B71,6)))*(fesp!$C:$C=C71), 0)), "")} -> 483 | O71: {=IFERROR(INDEX(fesp!$F:$F, MATCH(1, (VALUE(LEFT(fesp!$A:$A,6))=VALUE(LEFT(B71,6)))*(fesp!$C:$C=C71), 0)), "")} -> 19534 | P71: {=IFERROR(INDEX(fesp!$G:$G, MATCH(1, (VALUE(LEFT(fesp!$A:$A,6))=VALUE(LEFT(B71,6)))*(fesp!$C:$C=C71), 0)), "")} -> 9351307 | Q71: {=IFERROR(INDEX(fesp!$H:$H, MATCH(1, (VALUE(LEFT(fesp!$A:$A,6))=VALUE(LEFT(B71,6)))*(fesp!$C:$C=C71), 0)), "")} -> 134 | R71: {=IFERROR(INDEX(fesp!$I:$I, MATCH(1, (VALUE(LEFT(fesp!$A:$A,6))=VALUE(LEFT(B71,6)))*(fesp!$C:$C=C71), 0)), "")} -> 51130 | S71: {=IFERROR(INDEX(fesp!$J:$J, MATCH(1, (VALUE(LEFT(fesp!$A:$A,6))=VALUE(LEFT(B71,6)))*(fesp!$C:$C=C71), 0)), "")} -> 256989
A72: São Luís (MA) | B72: 2111300 | C72: 2019 | D72: {=IFERROR(INDEX(fesp!$D:$D, MATCH(1, (VALUE(LEFT(fesp!$A:$A,6))=VALUE(LEFT(B72,6)))*(fesp!$C:$C=C72), 0)), "")} -> 0 | E72: {=IFERROR(INDEX(ft_medicos_clinicos!$C:$C, MATCH(1, (VALUE(LEFT(ft_medicos_clinicos!$A:$A,6))=VALUE(LEFT(B72,6)))*(ft_medicos_clinicos!$B:$B=C72), 0)), "")} -> 607 | F72: {=IFERROR(INDEX(ft_enfermeiros!$C:$C, MATCH(1, (VALUE(LEFT(ft_enfermeiros!$A:$A,6))=VALUE(LEFT(B72,6)))*(ft_enfermeiros!$B:$B=C72), 0)), "")} -> 2127 | G72: {=IFERROR(INDEX(ft_equipes_acs!$C:$C, MATCH(1, (VALUE(LEFT(ft_equipes_acs!$A:$A,6))=VALUE(LEFT(B72,6)))*(ft_equipes_acs!$B:$B=C72), 0)), "")} -> 15 | H72: {=IFERROR(INDEX(ci_leitos_internacao!$C:$C, MATCH(1, (VALUE(LEFT(ci_leitos_internacao!$A:$A,6))=VALUE(LEFT(B72,6)))*(ci_leitos_internacao!$B:$B=C72), 0)), "")} -> 3731 | I72: {=IFERROR(INDEX(ci_hospitais_internacao!$C:$C, MATCH(1, (VALUE(LEFT(ci_hospitais_internacao!$A:$A,6))=VALUE(LEFT(B72,6)))*(ci_hospitais_internacao!$B:$B=C72), 0)), "")} -> 9 | J72: {=IFERROR(INDEX(ci_pa_clinico!$C:$C, MATCH(1, (VALUE(LEFT(ci_pa_clinico!$A:$A,6))=VALUE(LEFT(B72,6)))*(ci_pa_clinico!$B:$B=C72), 0)), "")} | K72: {=IFERROR(INDEX(aps_equipes_esf!$C:$C, MATCH(1, (VALUE(LEFT(aps_equipes_esf!$A:$A,6))=VALUE(LEFT(B72,6)))*(aps_equipes_esf!$B:$B=C72), 0)), "")} -> 63 | L72: {=IFERROR(INDEX(casos!$C:$C, MATCH(1, (VALUE(LEFT(casos!$A:$A,6))=VALUE(LEFT(B72,6)))*(casos!$B:$B=C72), 0)), "")} -> 1397 | M72: {=IFERROR(INDEX(srag!$D:$D, MATCH(1, (VALUE(LEFT(srag!$A:$A,6))=VALUE(LEFT(B72,6)))*(srag!$C:$C=C72), 0)), "")} -> 160 | N72: {=IFERROR(INDEX(fesp!$E:$E, MATCH(1, (VALUE(LEFT(fesp!$A:$A,6))=VALUE(LEFT(B72,6)))*(fesp!$C:$C=C72), 0)), "")} -> 1412 | O72: {=IFERROR(INDEX(fesp!$F:$F, MATCH(1, (VALUE(LEFT(fesp!$A:$A,6))=VALUE(LEFT(B72,6)))*(fesp!$C:$C=C72), 0)), "")} -> 19857 | P72: {=IFERROR(INDEX(fesp!$G:$G, MATCH(1, (VALUE(LEFT(fesp!$A:$A,6))=VALUE(LEFT(B72,6)))*(fesp!$C:$C=C72), 0)), "")} -> 8808911 | Q72: {=IFERROR(INDEX(fesp!$H:$H, MATCH(1, (VALUE(LEFT(fesp!$A:$A,6))=VALUE(LEFT(B72,6)))*(fesp!$C:$C=C72), 0)), "")} -> 81 | R72: {=IFERROR(INDEX(fesp!$I:$I, MATCH(1, (VALUE(LEFT(fesp!$A:$A,6))=VALUE(LEFT(B72,6)))*(fesp!$C:$C=C72), 0)), "")} -> 18604 | S72: {=IFERROR(INDEX(fesp!$J:$J, MATCH(1, (VALUE(LEFT(fesp!$A:$A,6))=VALUE(LEFT(B72,6)))*(fesp!$C:$C=C72), 0)), "")} -> 82180
A73: São Luís (MA) | B73: 2111300 | C73: 2020 | D73: {=IFERROR(INDEX(fesp!$D:$D, MATCH(1, (VALUE(LEFT(fesp!$A:$A,6))=VALUE(LEFT(B73,6)))*(fesp!$C:$C=C73), 0)), "")} -> 0 | E73: {=IFERROR(INDEX(ft_medicos_clinicos!$C:$C, MATCH(1, (VALUE(LEFT(ft_medicos_clinicos!$A:$A,6))=VALUE(LEFT(B73,6)))*(ft_medicos_clinicos!$B:$B=C73), 0)), "")} -> 608 | F73: {=IFERROR(INDEX(ft_enfermeiros!$C:$C, MATCH(1, (VALUE(LEFT(ft_enfermeiros!$A:$A,6))=VALUE(LEFT(B73,6)))*(ft_enfermeiros!$B:$B=C73), 0)), "")} -> 2430 | G73: {=IFERROR(INDEX(ft_equipes_acs!$C:$C, MATCH(1, (VALUE(LEFT(ft_equipes_acs!$A:$A,6))=VALUE(LEFT(B73,6)))*(ft_equipes_acs!$B:$B=C73), 0)), "")} -> - | H73: {=IFERROR(INDEX(ci_leitos_internacao!$C:$C, MATCH(1, (VALUE(LEFT(ci_leitos_internacao!$A:$A,6))=VALUE(LEFT(B73,6)))*(ci_leitos_internacao!$B:$B=C73), 0)), "")} -> 4231 | I73: {=IFERROR(INDEX(ci_hospitais_internacao!$C:$C, MATCH(1, (VALUE(LEFT(ci_hospitais_internacao!$A:$A,6))=VALUE(LEFT(B73,6)))*(ci_hospitais_internacao!$B:$B=C73), 0)), "")} -> 17 | J73: {=IFERROR(INDEX(ci_pa_clinico!$C:$C, MATCH(1, (VALUE(LEFT(ci_pa_clinico!$A:$A,6))=VALUE(LEFT(B73,6)))*(ci_pa_clinico!$B:$B=C73), 0)), "")} | K73: {=IFERROR(INDEX(aps_equipes_esf!$C:$C, MATCH(1, (VALUE(LEFT(aps_equipes_esf!$A:$A,6))=VALUE(LEFT(B73,6)))*(aps_equipes_esf!$B:$B=C73), 0)), "")} -> - | L73: {=IFERROR(INDEX(casos!$C:$C, MATCH(1, (VALUE(LEFT(casos!$A:$A,6))=VALUE(LEFT(B73,6)))*(casos!$B:$B=C73), 0)), "")} -> 857 | M73: {=IFERROR(INDEX(srag!$D:$D, MATCH(1, (VALUE(LEFT(srag!$A:$A,6))=VALUE(LEFT(B73,6)))*(srag!$C:$C=C73), 0)), "")} -> 6353 | N73: {=IFERROR(INDEX(fesp!$E:$E, MATCH(1, (VALUE(LEFT(fesp!$A:$A,6))=VALUE(LEFT(B73,6)))*(fesp!$C:$C=C73), 0)), "")} -> 1253 | O73: {=IFERROR(INDEX(fesp!$F:$F, MATCH(1, (VALUE(LEFT(fesp!$A:$A,6))=VALUE(LEFT(B73,6)))*(fesp!$C:$C=C73), 0)), "")} -> 15245 | P73: {=IFERROR(INDEX(fesp!$G:$G, MATCH(1, (VALUE(LEFT(fesp!$A:$A,6))=VALUE(LEFT(B73,6)))*(fesp!$C:$C=C73), 0)), "")} -> 6379144 | Q73: {=IFERROR(INDEX(fesp!$H:$H, MATCH(1, (VALUE(LEFT(fesp!$A:$A,6))=VALUE(LEFT(B73,6)))*(fesp!$C:$C=C73), 0)), "")} -> 54 | R73: {=IFERROR(INDEX(fesp!$I:$I, MATCH(1, (VALUE(LEFT(fesp!$A:$A,6))=VALUE(LEFT(B73,6)))*(fesp!$C:$C=C73), 0)), "")} -> 7744 | S73: {=IFERROR(INDEX(fesp!$J:$J, MATCH(1, (VALUE(LEFT(fesp!$A:$A,6))=VALUE(LEFT(B73,6)))*(fesp!$C:$C=C73), 0)), "")} -> 19926
A74: São Luís (MA) | B74: 2111300 | C74: 2021 | D74: {=IFERROR(INDEX(fesp!$D:$D, MATCH(1, (VALUE(LEFT(fesp!$A:$A,6))=VALUE(LEFT(B74,6)))*(fesp!$C:$C=C74), 0)), "")} -> 0 | E74: {=IFERROR(INDEX(ft_medicos_clinicos!$C:$C, MATCH(1, (VALUE(LEFT(ft_medicos_clinicos!$A:$A,6))=VALUE(LEFT(B74,6)))*(ft_medicos_clinicos!$B:$B=C74), 0)), "")} -> 644 | F74: {=IFERROR(INDEX(ft_enfermeiros!$C:$C, MATCH(1, (VALUE(LEFT(ft_enfermeiros!$A:$A,6))=VALUE(LEFT(B74,6)))*(ft_enfermeiros!$B:$B=C74), 0)), "")} -> 2611 | G74: {=IFERROR(INDEX(ft_equipes_acs!$C:$C, MATCH(1, (VALUE(LEFT(ft_equipes_acs!$A:$A,6))=VALUE(LEFT(B74,6)))*(ft_equipes_acs!$B:$B=C74), 0)), "")} -> - | H74: {=IFERROR(INDEX(ci_leitos_internacao!$C:$C, MATCH(1, (VALUE(LEFT(ci_leitos_internacao!$A:$A,6))=VALUE(LEFT(B74,6)))*(ci_leitos_internacao!$B:$B=C74), 0)), "")} -> 4179 | I74: {=IFERROR(INDEX(ci_hospitais_internacao!$C:$C, MATCH(1, (VALUE(LEFT(ci_hospitais_internacao!$A:$A,6))=VALUE(LEFT(B74,6)))*(ci_hospitais_internacao!$B:$B=C74), 0)), "")} -> 15 | J74: {=IFERROR(INDEX(ci_pa_clinico!$C:$C, MATCH(1, (VALUE(LEFT(ci_pa_clinico!$A:$A,6))=VALUE(LEFT(B74,6)))*(ci_pa_clinico!$B:$B=C74), 0)), "")} | K74: {=IFERROR(INDEX(aps_equipes_esf!$C:$C, MATCH(1, (VALUE(LEFT(aps_equipes_esf!$A:$A,6))=VALUE(LEFT(B74,6)))*(aps_equipes_esf!$B:$B=C74), 0)), "")} -> - | L74: {=IFERROR(INDEX(casos!$C:$C, MATCH(1, (VALUE(LEFT(casos!$A:$A,6))=VALUE(LEFT(B74,6)))*(casos!$B:$B=C74), 0)), "")} -> 215 | M74: {=IFERROR(INDEX(srag!$D:$D, MATCH(1, (VALUE(LEFT(srag!$A:$A,6))=VALUE(LEFT(B74,6)))*(srag!$C:$C=C74), 0)), "")} -> 5317 | N74: {=IFERROR(INDEX(fesp!$E:$E, MATCH(1, (VALUE(LEFT(fesp!$A:$A,6))=VALUE(LEFT(B74,6)))*(fesp!$C:$C=C74), 0)), "")} -> 1243 | O74: {=IFERROR(INDEX(fesp!$F:$F, MATCH(1, (VALUE(LEFT(fesp!$A:$A,6))=VALUE(LEFT(B74,6)))*(fesp!$C:$C=C74), 0)), "")} -> 22150 | P74: {=IFERROR(INDEX(fesp!$G:$G, MATCH(1, (VALUE(LEFT(fesp!$A:$A,6))=VALUE(LEFT(B74,6)))*(fesp!$C:$C=C74), 0)), "")} -> 8564166 | Q74: {=IFERROR(INDEX(fesp!$H:$H, MATCH(1, (VALUE(LEFT(fesp!$A:$A,6))=VALUE(LEFT(B74,6)))*(fesp!$C:$C=C74), 0)), "")} -> 175 | R74: {=IFERROR(INDEX(fesp!$I:$I, MATCH(1, (VALUE(LEFT(fesp!$A:$A,6))=VALUE(LEFT(B74,6)))*(fesp!$C:$C=C74), 0)), "")} -> 20348 | S74: {=IFERROR(INDEX(fesp!$J:$J, MATCH(1, (VALUE(LEFT(fesp!$A:$A,6))=VALUE(LEFT(B74,6)))*(fesp!$C:$C=C74), 0)), "")} -> 22011
A75: São Luís (MA) | B75: 2111300 | C75: 2022 | D75: {=IFERROR(INDEX(fesp!$D:$D, MATCH(1, (VALUE(LEFT(fesp!$A:$A,6))=VALUE(LEFT(B75,6)))*(fesp!$C:$C=C75), 0)), "")} -> 1037775 | E75: {=IFERROR(INDEX(ft_medicos_clinicos!$C:$C, MATCH(1, (VALUE(LEFT(ft_medicos_clinicos!$A:$A,6))=VALUE(LEFT(B75,6)))*(ft_medicos_clinicos!$B:$B=C75), 0)), "")} -> 731 | F75: {=IFERROR(INDEX(ft_enfermeiros!$C:$C, MATCH(1, (VALUE(LEFT(ft_enfermeiros!$A:$A,6))=VALUE(LEFT(B75,6)))*(ft_enfermeiros!$B:$B=C75), 0)), "")} -> 2904 | G75: {=IFERROR(INDEX(ft_equipes_acs!$C:$C, MATCH(1, (VALUE(LEFT(ft_equipes_acs!$A:$A,6))=VALUE(LEFT(B75,6)))*(ft_equipes_acs!$B:$B=C75), 0)), "")} -> - | H75: {=IFERROR(INDEX(ci_leitos_internacao!$C:$C, MATCH(1, (VALUE(LEFT(ci_leitos_internacao!$A:$A,6))=VALUE(LEFT(B75,6)))*(ci_leitos_internacao!$B:$B=C75), 0)), "")} -> 4579 | I75: {=IFERROR(INDEX(ci_hospitais_internacao!$C:$C, MATCH(1, (VALUE(LEFT(ci_hospitais_internacao!$A:$A,6))=VALUE(LEFT(B75,6)))*(ci_hospitais_internacao!$B:$B=C75), 0)), "")} -> 15 | J75: {=IFERROR(INDEX(ci_pa_clinico!$C:$C, MATCH(1, (VALUE(LEFT(ci_pa_clinico!$A:$A,6))=VALUE(LEFT(B75,6)))*(ci_pa_clinico!$B:$B=C75), 0)), "")} | K75: {=IFERROR(INDEX(aps_equipes_esf!$C:$C, MATCH(1, (VALUE(LEFT(aps_equipes_esf!$A:$A,6))=VALUE(LEFT(B75,6)))*(aps_equipes_esf!$B:$B=C75), 0)), "")} -> - | L75: {=IFERROR(INDEX(casos!$C:$C, MATCH(1, (VALUE(LEFT(casos!$A:$A,6))=VALUE(LEFT(B75,6)))*(casos!$B:$B=C75), 0)), "")} -> 2409 | M75: {=IFERROR(INDEX(srag!$D:$D, MATCH(1, (VALUE(LEFT(srag!$A:$A,6))=VALUE(LEFT(B75,6)))*(srag!$C:$C=C75), 0)), "")} -> 1233 | N75: {=IFERROR(INDEX(fesp!$E:$E, MATCH(1, (VALUE(LEFT(fesp!$A:$A,6))=VALUE(LEFT(B75,6)))*(fesp!$C:$C=C75), 0)), "")} -> 1557 | O75: {=IFERROR(INDEX(fesp!$F:$F, MATCH(1, (VALUE(LEFT(fesp!$A:$A,6))=VALUE(LEFT(B75,6)))*(fesp!$C:$C=C75), 0)), "")} -> 20987 | P75: {=IFERROR(INDEX(fesp!$G:$G, MATCH(1, (VALUE(LEFT(fesp!$A:$A,6))=VALUE(LEFT(B75,6)))*(fesp!$C:$C=C75), 0)), "")} -> 10062408 | Q75: {=IFERROR(INDEX(fesp!$H:$H, MATCH(1, (VALUE(LEFT(fesp!$A:$A,6))=VALUE(LEFT(B75,6)))*(fesp!$C:$C=C75), 0)), "")} -> 373 | R75: {=IFERROR(INDEX(fesp!$I:$I, MATCH(1, (VALUE(LEFT(fesp!$A:$A,6))=VALUE(LEFT(B75,6)))*(fesp!$C:$C=C75), 0)), "")} -> 4765 | S75: {=IFERROR(INDEX(fesp!$J:$J, MATCH(1, (VALUE(LEFT(fesp!$A:$A,6))=VALUE(LEFT(B75,6)))*(fesp!$C:$C=C75), 0)), "")} -> 18803
A76: São Luís (MA) | B76: 2111300 | C76: 2023 | D76: {=IFERROR(INDEX(fesp!$D:$D, MATCH(1, (VALUE(LEFT(fesp!$A:$A,6))=VALUE(LEFT(B76,6)))*(fesp!$C:$C=C76), 0)), "")} -> 0 | E76: {=IFERROR(INDEX(ft_medicos_clinicos!$C:$C, MATCH(1, (VALUE(LEFT(ft_medicos_clinicos!$A:$A,6))=VALUE(LEFT(B76,6)))*(ft_medicos_clinicos!$B:$B=C76), 0)), "")} -> 798 | F76: {=IFERROR(INDEX(ft_enfermeiros!$C:$C, MATCH(1, (VALUE(LEFT(ft_enfermeiros!$A:$A,6))=VALUE(LEFT(B76,6)))*(ft_enfermeiros!$B:$B=C76), 0)), "")} -> 3534 | G76: {=IFERROR(INDEX(ft_equipes_acs!$C:$C, MATCH(1, (VALUE(LEFT(ft_equipes_acs!$A:$A,6))=VALUE(LEFT(B76,6)))*(ft_equipes_acs!$B:$B=C76), 0)), "")} -> - | H76: {=IFERROR(INDEX(ci_leitos_internacao!$C:$C, MATCH(1, (VALUE(LEFT(ci_leitos_internacao!$A:$A,6))=VALUE(LEFT(B76,6)))*(ci_leitos_internacao!$B:$B=C76), 0)), "")} -> 4643 | I76: {=IFERROR(INDEX(ci_hospitais_internacao!$C:$C, MATCH(1, (VALUE(LEFT(ci_hospitais_internacao!$A:$A,6))=VALUE(LEFT(B76,6)))*(ci_hospitais_internacao!$B:$B=C76), 0)), "")} -> 14 | J76: {=IFERROR(INDEX(ci_pa_clinico!$C:$C, MATCH(1, (VALUE(LEFT(ci_pa_clinico!$A:$A,6))=VALUE(LEFT(B76,6)))*(ci_pa_clinico!$B:$B=C76), 0)), "")} | K76: {=IFERROR(INDEX(aps_equipes_esf!$C:$C, MATCH(1, (VALUE(LEFT(aps_equipes_esf!$A:$A,6))=VALUE(LEFT(B76,6)))*(aps_equipes_esf!$B:$B=C76), 0)), "")} -> - | L76: {=IFERROR(INDEX(casos!$C:$C, MATCH(1, (VALUE(LEFT(casos!$A:$A,6))=VALUE(LEFT(B76,6)))*(casos!$B:$B=C76), 0)), "")} -> 1740 | M76: {=IFERROR(INDEX(srag!$D:$D, MATCH(1, (VALUE(LEFT(srag!$A:$A,6))=VALUE(LEFT(B76,6)))*(srag!$C:$C=C76), 0)), "")} -> 810 | N76: {=IFERROR(INDEX(fesp!$E:$E, MATCH(1, (VALUE(LEFT(fesp!$A:$A,6))=VALUE(LEFT(B76,6)))*(fesp!$C:$C=C76), 0)), "")} -> 1267 | O76: {=IFERROR(INDEX(fesp!$F:$F, MATCH(1, (VALUE(LEFT(fesp!$A:$A,6))=VALUE(LEFT(B76,6)))*(fesp!$C:$C=C76), 0)), "")} -> 20218 | P76: {=IFERROR(INDEX(fesp!$G:$G, MATCH(1, (VALUE(LEFT(fesp!$A:$A,6))=VALUE(LEFT(B76,6)))*(fesp!$C:$C=C76), 0)), "")} -> 10466801 | Q76: {=IFERROR(INDEX(fesp!$H:$H, MATCH(1, (VALUE(LEFT(fesp!$A:$A,6))=VALUE(LEFT(B76,6)))*(fesp!$C:$C=C76), 0)), "")} -> 325 | R76: {=IFERROR(INDEX(fesp!$I:$I, MATCH(1, (VALUE(LEFT(fesp!$A:$A,6))=VALUE(LEFT(B76,6)))*(fesp!$C:$C=C76), 0)), "")} -> 100 | S76: {=IFERROR(INDEX(fesp!$J:$J, MATCH(1, (VALUE(LEFT(fesp!$A:$A,6))=VALUE(LEFT(B76,6)))*(fesp!$C:$C=C76), 0)), "")} -> 7555
A77: São Luís (MA) | B77: 2111300 | C77: 2024 | D77: {=IFERROR(INDEX(fesp!$D:$D, MATCH(1, (VALUE(LEFT(fesp!$A:$A,6))=VALUE(LEFT(B77,6)))*(fesp!$C:$C=C77), 0)), "")} -> 0 | E77: {=IFERROR(INDEX(ft_medicos_clinicos!$C:$C, MATCH(1, (VALUE(LEFT(ft_medicos_clinicos!$A:$A,6))=VALUE(LEFT(B77,6)))*(ft_medicos_clinicos!$B:$B=C77), 0)), "")} -> 838 | F77: {=IFERROR(INDEX(ft_enfermeiros!$C:$C, MATCH(1, (VALUE(LEFT(ft_enfermeiros!$A:$A,6))=VALUE(LEFT(B77,6)))*(ft_enfermeiros!$B:$B=C77), 0)), "")} -> 3795 | G77: {=IFERROR(INDEX(ft_equipes_acs!$C:$C, MATCH(1, (VALUE(LEFT(ft_equipes_acs!$A:$A,6))=VALUE(LEFT(B77,6)))*(ft_equipes_acs!$B:$B=C77), 0)), "")} -> - | H77: {=IFERROR(INDEX(ci_leitos_internacao!$C:$C, MATCH(1, (VALUE(LEFT(ci_leitos_internacao!$A:$A,6))=VALUE(LEFT(B77,6)))*(ci_leitos_internacao!$B:$B=C77), 0)), "")} -> 4466 | I77: {=IFERROR(INDEX(ci_hospitais_internacao!$C:$C, MATCH(1, (VALUE(LEFT(ci_hospitais_internacao!$A:$A,6))=VALUE(LEFT(B77,6)))*(ci_hospitais_internacao!$B:$B=C77), 0)), "")} -> 15 | J77: {=IFERROR(INDEX(ci_pa_clinico!$C:$C, MATCH(1, (VALUE(LEFT(ci_pa_clinico!$A:$A,6))=VALUE(LEFT(B77,6)))*(ci_pa_clinico!$B:$B=C77), 0)), "")} | K77: {=IFERROR(INDEX(aps_equipes_esf!$C:$C, MATCH(1, (VALUE(LEFT(aps_equipes_esf!$A:$A,6))=VALUE(LEFT(B77,6)))*(aps_equipes_esf!$B:$B=C77), 0)), "")} -> - | L77: {=IFERROR(INDEX(casos!$C:$C, MATCH(1, (VALUE(LEFT(casos!$A:$A,6))=VALUE(LEFT(B77,6)))*(casos!$B:$B=C77), 0)), "")} -> 1998 | M77: {=IFERROR(INDEX(srag!$D:$D, MATCH(1, (VALUE(LEFT(srag!$A:$A,6))=VALUE(LEFT(B77,6)))*(srag!$C:$C=C77), 0)), "")} -> 978 | N77: {=IFERROR(INDEX(fesp!$E:$E, MATCH(1, (VALUE(LEFT(fesp!$A:$A,6))=VALUE(LEFT(B77,6)))*(fesp!$C:$C=C77), 0)), "")} -> 382 | O77: {=IFERROR(INDEX(fesp!$F:$F, MATCH(1, (VALUE(LEFT(fesp!$A:$A,6))=VALUE(LEFT(B77,6)))*(fesp!$C:$C=C77), 0)), "")} -> 28138 | P77: {=IFERROR(INDEX(fesp!$G:$G, MATCH(1, (VALUE(LEFT(fesp!$A:$A,6))=VALUE(LEFT(B77,6)))*(fesp!$C:$C=C77), 0)), "")} -> 11137040 | Q77: {=IFERROR(INDEX(fesp!$H:$H, MATCH(1, (VALUE(LEFT(fesp!$A:$A,6))=VALUE(LEFT(B77,6)))*(fesp!$C:$C=C77), 0)), "")} -> 133 | R77: {=IFERROR(INDEX(fesp!$I:$I, MATCH(1, (VALUE(LEFT(fesp!$A:$A,6))=VALUE(LEFT(B77,6)))*(fesp!$C:$C=C77), 0)), "")} -> 304 | S77: {=IFERROR(INDEX(fesp!$J:$J, MATCH(1, (VALUE(LEFT(fesp!$A:$A,6))=VALUE(LEFT(B77,6)))*(fesp!$C:$C=C77), 0)), "")} -> 23422
A78: São Luís (MA) | B78: 2111300 | C78: 2025 | D78: {=IFERROR(INDEX(fesp!$D:$D, MATCH(1, (VALUE(LEFT(fesp!$A:$A,6))=VALUE(LEFT(B78,6)))*(fesp!$C:$C=C78), 0)), "")} -> 0 | E78: {=IFERROR(INDEX(ft_medicos_clinicos!$C:$C, MATCH(1, (VALUE(LEFT(ft_medicos_clinicos!$A:$A,6))=VALUE(LEFT(B78,6)))*(ft_medicos_clinicos!$B:$B=C78), 0)), "")} -> 940 | F78: {=IFERROR(INDEX(ft_enfermeiros!$C:$C, MATCH(1, (VALUE(LEFT(ft_enfermeiros!$A:$A,6))=VALUE(LEFT(B78,6)))*(ft_enfermeiros!$B:$B=C78), 0)), "")} -> 3959 | G78: {=IFERROR(INDEX(ft_equipes_acs!$C:$C, MATCH(1, (VALUE(LEFT(ft_equipes_acs!$A:$A,6))=VALUE(LEFT(B78,6)))*(ft_equipes_acs!$B:$B=C78), 0)), "")} -> - | H78: {=IFERROR(INDEX(ci_leitos_internacao!$C:$C, MATCH(1, (VALUE(LEFT(ci_leitos_internacao!$A:$A,6))=VALUE(LEFT(B78,6)))*(ci_leitos_internacao!$B:$B=C78), 0)), "")} -> 4498 | I78: {=IFERROR(INDEX(ci_hospitais_internacao!$C:$C, MATCH(1, (VALUE(LEFT(ci_hospitais_internacao!$A:$A,6))=VALUE(LEFT(B78,6)))*(ci_hospitais_internacao!$B:$B=C78), 0)), "")} -> 17 | J78: {=IFERROR(INDEX(ci_pa_clinico!$C:$C, MATCH(1, (VALUE(LEFT(ci_pa_clinico!$A:$A,6))=VALUE(LEFT(B78,6)))*(ci_pa_clinico!$B:$B=C78), 0)), "")} | K78: {=IFERROR(INDEX(aps_equipes_esf!$C:$C, MATCH(1, (VALUE(LEFT(aps_equipes_esf!$A:$A,6))=VALUE(LEFT(B78,6)))*(aps_equipes_esf!$B:$B=C78), 0)), "")} -> - | L78: {=IFERROR(INDEX(casos!$C:$C, MATCH(1, (VALUE(LEFT(casos!$A:$A,6))=VALUE(LEFT(B78,6)))*(casos!$B:$B=C78), 0)), "")} -> 1748 | M78: {=IFERROR(INDEX(srag!$D:$D, MATCH(1, (VALUE(LEFT(srag!$A:$A,6))=VALUE(LEFT(B78,6)))*(srag!$C:$C=C78), 0)), "")} -> 1068 | N78: {=IFERROR(INDEX(fesp!$E:$E, MATCH(1, (VALUE(LEFT(fesp!$A:$A,6))=VALUE(LEFT(B78,6)))*(fesp!$C:$C=C78), 0)), "")} -> 328 | O78: {=IFERROR(INDEX(fesp!$F:$F, MATCH(1, (VALUE(LEFT(fesp!$A:$A,6))=VALUE(LEFT(B78,6)))*(fesp!$C:$C=C78), 0)), "")} -> 20379 | P78: {=IFERROR(INDEX(fesp!$G:$G, MATCH(1, (VALUE(LEFT(fesp!$A:$A,6))=VALUE(LEFT(B78,6)))*(fesp!$C:$C=C78), 0)), "")} -> 10478462 | Q78: {=IFERROR(INDEX(fesp!$H:$H, MATCH(1, (VALUE(LEFT(fesp!$A:$A,6))=VALUE(LEFT(B78,6)))*(fesp!$C:$C=C78), 0)), "")} -> 114 | R78: {=IFERROR(INDEX(fesp!$I:$I, MATCH(1, (VALUE(LEFT(fesp!$A:$A,6))=VALUE(LEFT(B78,6)))*(fesp!$C:$C=C78), 0)), "")} -> 0 | S78: {=IFERROR(INDEX(fesp!$J:$J, MATCH(1, (VALUE(LEFT(fesp!$A:$A,6))=VALUE(LEFT(B78,6)))*(fesp!$C:$C=C78), 0)), "")} -> 704
A79: Teresina (PI) | B79: 2211001 | C79: 2015 | D79: {=IFERROR(INDEX(fesp!$D:$D, MATCH(1, (VALUE(LEFT(fesp!$A:$A,6))=VALUE(LEFT(B79,6)))*(fesp!$C:$C=C79), 0)), "")} -> 844245 | E79: {=IFERROR(INDEX(ft_medicos_clinicos!$C:$C, MATCH(1, (VALUE(LEFT(ft_medicos_clinicos!$A:$A,6))=VALUE(LEFT(B79,6)))*(ft_medicos_clinicos!$B:$B=C79), 0)), "")} -> 381 | F79: {=IFERROR(INDEX(ft_enfermeiros!$C:$C, MATCH(1, (VALUE(LEFT(ft_enfermeiros!$A:$A,6))=VALUE(LEFT(B79,6)))*(ft_enfermeiros!$B:$B=C79), 0)), "")} -> 888 | G79: {=IFERROR(INDEX(ft_equipes_acs!$C:$C, MATCH(1, (VALUE(LEFT(ft_equipes_acs!$A:$A,6))=VALUE(LEFT(B79,6)))*(ft_equipes_acs!$B:$B=C79), 0)), "")} -> 1 | H79: {=IFERROR(INDEX(ci_leitos_internacao!$C:$C, MATCH(1, (VALUE(LEFT(ci_leitos_internacao!$A:$A,6))=VALUE(LEFT(B79,6)))*(ci_leitos_internacao!$B:$B=C79), 0)), "")} -> 2906 | I79: {=IFERROR(INDEX(ci_hospitais_internacao!$C:$C, MATCH(1, (VALUE(LEFT(ci_hospitais_internacao!$A:$A,6))=VALUE(LEFT(B79,6)))*(ci_hospitais_internacao!$B:$B=C79), 0)), "")} -> 14 | J79: {=IFERROR(INDEX(ci_pa_clinico!$C:$C, MATCH(1, (VALUE(LEFT(ci_pa_clinico!$A:$A,6))=VALUE(LEFT(B79,6)))*(ci_pa_clinico!$B:$B=C79), 0)), "")} | K79: {=IFERROR(INDEX(aps_equipes_esf!$C:$C, MATCH(1, (VALUE(LEFT(aps_equipes_esf!$A:$A,6))=VALUE(LEFT(B79,6)))*(aps_equipes_esf!$B:$B=C79), 0)), "")} -> 27 | L79: {=IFERROR(INDEX(casos!$C:$C, MATCH(1, (VALUE(LEFT(casos!$A:$A,6))=VALUE(LEFT(B79,6)))*(casos!$B:$B=C79), 0)), "")} -> 5135 | M79: {=IFERROR(INDEX(srag!$D:$D, MATCH(1, (VALUE(LEFT(srag!$A:$A,6))=VALUE(LEFT(B79,6)))*(srag!$C:$C=C79), 0)), "")} -> 18 | N79: {=IFERROR(INDEX(fesp!$E:$E, MATCH(1, (VALUE(LEFT(fesp!$A:$A,6))=VALUE(LEFT(B79,6)))*(fesp!$C:$C=C79), 0)), "")} -> 735 | O79: {=IFERROR(INDEX(fesp!$F:$F, MATCH(1, (VALUE(LEFT(fesp!$A:$A,6))=VALUE(LEFT(B79,6)))*(fesp!$C:$C=C79), 0)), "")} -> 9928 | P79: {=IFERROR(INDEX(fesp!$G:$G, MATCH(1, (VALUE(LEFT(fesp!$A:$A,6))=VALUE(LEFT(B79,6)))*(fesp!$C:$C=C79), 0)), "")} -> 4686854 | Q79: {=IFERROR(INDEX(fesp!$H:$H, MATCH(1, (VALUE(LEFT(fesp!$A:$A,6))=VALUE(LEFT(B79,6)))*(fesp!$C:$C=C79), 0)), "")} -> 281 | R79: {=IFERROR(INDEX(fesp!$I:$I, MATCH(1, (VALUE(LEFT(fesp!$A:$A,6))=VALUE(LEFT(B79,6)))*(fesp!$C:$C=C79), 0)), "")} -> 2466 | S79: {=IFERROR(INDEX(fesp!$J:$J, MATCH(1, (VALUE(LEFT(fesp!$A:$A,6))=VALUE(LEFT(B79,6)))*(fesp!$C:$C=C79), 0)), "")} -> 195644
A80: Teresina (PI) | B80: 2211001 | C80: 2016 | D80: {=IFERROR(INDEX(fesp!$D:$D, MATCH(1, (VALUE(LEFT(fesp!$A:$A,6))=VALUE(LEFT(B80,6)))*(fesp!$C:$C=C80), 0)), "")} -> 0 | E80: {=IFERROR(INDEX(ft_medicos_clinicos!$C:$C, MATCH(1, (VALUE(LEFT(ft_medicos_clinicos!$A:$A,6))=VALUE(LEFT(B80,6)))*(ft_medicos_clinicos!$B:$B=C80), 0)), "")} -> 409 | F80: {=IFERROR(INDEX(ft_enfermeiros!$C:$C, MATCH(1, (VALUE(LEFT(ft_enfermeiros!$A:$A,6))=VALUE(LEFT(B80,6)))*(ft_enfermeiros!$B:$B=C80), 0)), "")} -> 968 | G80: {=IFERROR(INDEX(ft_equipes_acs!$C:$C, MATCH(1, (VALUE(LEFT(ft_equipes_acs!$A:$A,6))=VALUE(LEFT(B80,6)))*(ft_equipes_acs!$B:$B=C80), 0)), "")} -> 1 | H80: {=IFERROR(INDEX(ci_leitos_internacao!$C:$C, MATCH(1, (VALUE(LEFT(ci_leitos_internacao!$A:$A,6))=VALUE(LEFT(B80,6)))*(ci_leitos_internacao!$B:$B=C80), 0)), "")} -> 2969 | I80: {=IFERROR(INDEX(ci_hospitais_internacao!$C:$C, MATCH(1, (VALUE(LEFT(ci_hospitais_internacao!$A:$A,6))=VALUE(LEFT(B80,6)))*(ci_hospitais_internacao!$B:$B=C80), 0)), "")} -> 14 | J80: {=IFERROR(INDEX(ci_pa_clinico!$C:$C, MATCH(1, (VALUE(LEFT(ci_pa_clinico!$A:$A,6))=VALUE(LEFT(B80,6)))*(ci_pa_clinico!$B:$B=C80), 0)), "")} | K80: {=IFERROR(INDEX(aps_equipes_esf!$C:$C, MATCH(1, (VALUE(LEFT(aps_equipes_esf!$A:$A,6))=VALUE(LEFT(B80,6)))*(aps_equipes_esf!$B:$B=C80), 0)), "")} -> 24 | L80: {=IFERROR(INDEX(casos!$C:$C, MATCH(1, (VALUE(LEFT(casos!$A:$A,6))=VALUE(LEFT(B80,6)))*(casos!$B:$B=C80), 0)), "")} -> 3279 | M80: {=IFERROR(INDEX(srag!$D:$D, MATCH(1, (VALUE(LEFT(srag!$A:$A,6))=VALUE(LEFT(B80,6)))*(srag!$C:$C=C80), 0)), "")} -> 144 | N80: {=IFERROR(INDEX(fesp!$E:$E, MATCH(1, (VALUE(LEFT(fesp!$A:$A,6))=VALUE(LEFT(B80,6)))*(fesp!$C:$C=C80), 0)), "")} -> 621 | O80: {=IFERROR(INDEX(fesp!$F:$F, MATCH(1, (VALUE(LEFT(fesp!$A:$A,6))=VALUE(LEFT(B80,6)))*(fesp!$C:$C=C80), 0)), "")} -> 15713 | P80: {=IFERROR(INDEX(fesp!$G:$G, MATCH(1, (VALUE(LEFT(fesp!$A:$A,6))=VALUE(LEFT(B80,6)))*(fesp!$C:$C=C80), 0)), "")} -> 4696467 | Q80: {=IFERROR(INDEX(fesp!$H:$H, MATCH(1, (VALUE(LEFT(fesp!$A:$A,6))=VALUE(LEFT(B80,6)))*(fesp!$C:$C=C80), 0)), "")} -> 307 | R80: {=IFERROR(INDEX(fesp!$I:$I, MATCH(1, (VALUE(LEFT(fesp!$A:$A,6))=VALUE(LEFT(B80,6)))*(fesp!$C:$C=C80), 0)), "")} -> 5054 | S80: {=IFERROR(INDEX(fesp!$J:$J, MATCH(1, (VALUE(LEFT(fesp!$A:$A,6))=VALUE(LEFT(B80,6)))*(fesp!$C:$C=C80), 0)), "")} -> 140088
A81: Teresina (PI) | B81: 2211001 | C81: 2017 | D81: {=IFERROR(INDEX(fesp!$D:$D, MATCH(1, (VALUE(LEFT(fesp!$A:$A,6))=VALUE(LEFT(B81,6)))*(fesp!$C:$C=C81), 0)), "")} -> 0 | E81: {=IFERROR(INDEX(ft_medicos_clinicos!$C:$C, MATCH(1, (VALUE(LEFT(ft_medicos_clinicos!$A:$A,6))=VALUE(LEFT(B81,6)))*(ft_medicos_clinicos!$B:$B=C81), 0)), "")} -> 377 | F81: {=IFERROR(INDEX(ft_enfermeiros!$C:$C, MATCH(1, (VALUE(LEFT(ft_enfermeiros!$A:$A,6))=VALUE(LEFT(B81,6)))*(ft_enfermeiros!$B:$B=C81), 0)), "")} -> 1058 | G81: {=IFERROR(INDEX(ft_equipes_acs!$C:$C, MATCH(1, (VALUE(LEFT(ft_equipes_acs!$A:$A,6))=VALUE(LEFT(B81,6)))*(ft_equipes_acs!$B:$B=C81), 0)), "")} -> 5 | H81: {=IFERROR(INDEX(ci_leitos_internacao!$C:$C, MATCH(1, (VALUE(LEFT(ci_leitos_internacao!$A:$A,6))=VALUE(LEFT(B81,6)))*(ci_leitos_internacao!$B:$B=C81), 0)), "")} -> 3003 | I81: {=IFERROR(INDEX(ci_hospitais_internacao!$C:$C, MATCH(1, (VALUE(LEFT(ci_hospitais_internacao!$A:$A,6))=VALUE(LEFT(B81,6)))*(ci_hospitais_internacao!$B:$B=C81), 0)), "")} -> 14 | J81: {=IFERROR(INDEX(ci_pa_clinico!$C:$C, MATCH(1, (VALUE(LEFT(ci_pa_clinico!$A:$A,6))=VALUE(LEFT(B81,6)))*(ci_pa_clinico!$B:$B=C81), 0)), "")} | K81: {=IFERROR(INDEX(aps_equipes_esf!$C:$C, MATCH(1, (VALUE(LEFT(aps_equipes_esf!$A:$A,6))=VALUE(LEFT(B81,6)))*(aps_equipes_esf!$B:$B=C81), 0)), "")} -> 22 | L81: {=IFERROR(INDEX(casos!$C:$C, MATCH(1, (VALUE(LEFT(casos!$A:$A,6))=VALUE(LEFT(B81,6)))*(casos!$B:$B=C81), 0)), "")} -> 3127 | M81: {=IFERROR(INDEX(srag!$D:$D, MATCH(1, (VALUE(LEFT(srag!$A:$A,6))=VALUE(LEFT(B81,6)))*(srag!$C:$C=C81), 0)), "")} -> 142 | N81: {=IFERROR(INDEX(fesp!$E:$E, MATCH(1, (VALUE(LEFT(fesp!$A:$A,6))=VALUE(LEFT(B81,6)))*(fesp!$C:$C=C81), 0)), "")} -> 463 | O81: {=IFERROR(INDEX(fesp!$F:$F, MATCH(1, (VALUE(LEFT(fesp!$A:$A,6))=VALUE(LEFT(B81,6)))*(fesp!$C:$C=C81), 0)), "")} -> 7974 | P81: {=IFERROR(INDEX(fesp!$G:$G, MATCH(1, (VALUE(LEFT(fesp!$A:$A,6))=VALUE(LEFT(B81,6)))*(fesp!$C:$C=C81), 0)), "")} -> 4961999 | Q81: {=IFERROR(INDEX(fesp!$H:$H, MATCH(1, (VALUE(LEFT(fesp!$A:$A,6))=VALUE(LEFT(B81,6)))*(fesp!$C:$C=C81), 0)), "")} -> 213 | R81: {=IFERROR(INDEX(fesp!$I:$I, MATCH(1, (VALUE(LEFT(fesp!$A:$A,6))=VALUE(LEFT(B81,6)))*(fesp!$C:$C=C81), 0)), "")} -> 15630 | S81: {=IFERROR(INDEX(fesp!$J:$J, MATCH(1, (VALUE(LEFT(fesp!$A:$A,6))=VALUE(LEFT(B81,6)))*(fesp!$C:$C=C81), 0)), "")} -> 152525
A82: Teresina (PI) | B82: 2211001 | C82: 2018 | D82: {=IFERROR(INDEX(fesp!$D:$D, MATCH(1, (VALUE(LEFT(fesp!$A:$A,6))=VALUE(LEFT(B82,6)))*(fesp!$C:$C=C82), 0)), "")} -> 0 | E82: {=IFERROR(INDEX(ft_medicos_clinicos!$C:$C, MATCH(1, (VALUE(LEFT(ft_medicos_clinicos!$A:$A,6))=VALUE(LEFT(B82,6)))*(ft_medicos_clinicos!$B:$B=C82), 0)), "")} -> 365 | F82: {=IFERROR(INDEX(ft_enfermeiros!$C:$C, MATCH(1, (VALUE(LEFT(ft_enfermeiros!$A:$A,6))=VALUE(LEFT(B82,6)))*(ft_enfermeiros!$B:$B=C82), 0)), "")} -> 1126 | G82: {=IFERROR(INDEX(ft_equipes_acs!$C:$C, MATCH(1, (VALUE(LEFT(ft_equipes_acs!$A:$A,6))=VALUE(LEFT(B82,6)))*(ft_equipes_acs!$B:$B=C82), 0)), "")} -> 1 | H82: {=IFERROR(INDEX(ci_leitos_internacao!$C:$C, MATCH(1, (VALUE(LEFT(ci_leitos_internacao!$A:$A,6))=VALUE(LEFT(B82,6)))*(ci_leitos_internacao!$B:$B=C82), 0)), "")} -> 3171 | I82: {=IFERROR(INDEX(ci_hospitais_internacao!$C:$C, MATCH(1, (VALUE(LEFT(ci_hospitais_internacao!$A:$A,6))=VALUE(LEFT(B82,6)))*(ci_hospitais_internacao!$B:$B=C82), 0)), "")} -> 15 | J82: {=IFERROR(INDEX(ci_pa_clinico!$C:$C, MATCH(1, (VALUE(LEFT(ci_pa_clinico!$A:$A,6))=VALUE(LEFT(B82,6)))*(ci_pa_clinico!$B:$B=C82), 0)), "")} | K82: {=IFERROR(INDEX(aps_equipes_esf!$C:$C, MATCH(1, (VALUE(LEFT(aps_equipes_esf!$A:$A,6))=VALUE(LEFT(B82,6)))*(aps_equipes_esf!$B:$B=C82), 0)), "")} -> 21 | L82: {=IFERROR(INDEX(casos!$C:$C, MATCH(1, (VALUE(LEFT(casos!$A:$A,6))=VALUE(LEFT(B82,6)))*(casos!$B:$B=C82), 0)), "")} -> 1205 | M82: {=IFERROR(INDEX(srag!$D:$D, MATCH(1, (VALUE(LEFT(srag!$A:$A,6))=VALUE(LEFT(B82,6)))*(srag!$C:$C=C82), 0)), "")} -> 486 | N82: {=IFERROR(INDEX(fesp!$E:$E, MATCH(1, (VALUE(LEFT(fesp!$A:$A,6))=VALUE(LEFT(B82,6)))*(fesp!$C:$C=C82), 0)), "")} -> 317 | O82: {=IFERROR(INDEX(fesp!$F:$F, MATCH(1, (VALUE(LEFT(fesp!$A:$A,6))=VALUE(LEFT(B82,6)))*(fesp!$C:$C=C82), 0)), "")} -> 9842 | P82: {=IFERROR(INDEX(fesp!$G:$G, MATCH(1, (VALUE(LEFT(fesp!$A:$A,6))=VALUE(LEFT(B82,6)))*(fesp!$C:$C=C82), 0)), "")} -> 4957964 | Q82: {=IFERROR(INDEX(fesp!$H:$H, MATCH(1, (VALUE(LEFT(fesp!$A:$A,6))=VALUE(LEFT(B82,6)))*(fesp!$C:$C=C82), 0)), "")} -> 159 | R82: {=IFERROR(INDEX(fesp!$I:$I, MATCH(1, (VALUE(LEFT(fesp!$A:$A,6))=VALUE(LEFT(B82,6)))*(fesp!$C:$C=C82), 0)), "")} -> 0 | S82: {=IFERROR(INDEX(fesp!$J:$J, MATCH(1, (VALUE(LEFT(fesp!$A:$A,6))=VALUE(LEFT(B82,6)))*(fesp!$C:$C=C82), 0)), "")} -> 0
A83: Teresina (PI) | B83: 2211001 | C83: 2019 | D83: {=IFERROR(INDEX(fesp!$D:$D, MATCH(1, (VALUE(LEFT(fesp!$A:$A,6))=VALUE(LEFT(B83,6)))*(fesp!$C:$C=C83), 0)), "")} -> 0 | E83: {=IFERROR(INDEX(ft_medicos_clinicos!$C:$C, MATCH(1, (VALUE(LEFT(ft_medicos_clinicos!$A:$A,6))=VALUE(LEFT(B83,6)))*(ft_medicos_clinicos!$B:$B=C83), 0)), "")} -> 356 | F83: {=IFERROR(INDEX(ft_enfermeiros!$C:$C, MATCH(1, (VALUE(LEFT(ft_enfermeiros!$A:$A,6))=VALUE(LEFT(B83,6)))*(ft_enfermeiros!$B:$B=C83), 0)), "")} -> 1179 | G83: {=IFERROR(INDEX(ft_equipes_acs!$C:$C, MATCH(1, (VALUE(LEFT(ft_equipes_acs!$A:$A,6))=VALUE(LEFT(B83,6)))*(ft_equipes_acs!$B:$B=C83), 0)), "")} -> - | H83: {=IFERROR(INDEX(ci_leitos_internacao!$C:$C, MATCH(1, (VALUE(LEFT(ci_leitos_internacao!$A:$A,6))=VALUE(LEFT(B83,6)))*(ci_leitos_internacao!$B:$B=C83), 0)), "")} -> 3041 | I83: {=IFERROR(INDEX(ci_hospitais_internacao!$C:$C, MATCH(1, (VALUE(LEFT(ci_hospitais_internacao!$A:$A,6))=VALUE(LEFT(B83,6)))*(ci_hospitais_internacao!$B:$B=C83), 0)), "")} -> 16 | J83: {=IFERROR(INDEX(ci_pa_clinico!$C:$C, MATCH(1, (VALUE(LEFT(ci_pa_clinico!$A:$A,6))=VALUE(LEFT(B83,6)))*(ci_pa_clinico!$B:$B=C83), 0)), "")} | K83: {=IFERROR(INDEX(aps_equipes_esf!$C:$C, MATCH(1, (VALUE(LEFT(aps_equipes_esf!$A:$A,6))=VALUE(LEFT(B83,6)))*(aps_equipes_esf!$B:$B=C83), 0)), "")} -> 18 | L83: {=IFERROR(INDEX(casos!$C:$C, MATCH(1, (VALUE(LEFT(casos!$A:$A,6))=VALUE(LEFT(B83,6)))*(casos!$B:$B=C83), 0)), "")} -> 4890 | M83: {=IFERROR(INDEX(srag!$D:$D, MATCH(1, (VALUE(LEFT(srag!$A:$A,6))=VALUE(LEFT(B83,6)))*(srag!$C:$C=C83), 0)), "")} -> 344 | N83: {=IFERROR(INDEX(fesp!$E:$E, MATCH(1, (VALUE(LEFT(fesp!$A:$A,6))=VALUE(LEFT(B83,6)))*(fesp!$C:$C=C83), 0)), "")} -> 342 | O83: {=IFERROR(INDEX(fesp!$F:$F, MATCH(1, (VALUE(LEFT(fesp!$A:$A,6))=VALUE(LEFT(B83,6)))*(fesp!$C:$C=C83), 0)), "")} -> 13705 | P83: {=IFERROR(INDEX(fesp!$G:$G, MATCH(1, (VALUE(LEFT(fesp!$A:$A,6))=VALUE(LEFT(B83,6)))*(fesp!$C:$C=C83), 0)), "")} -> 5800521 | Q83: {=IFERROR(INDEX(fesp!$H:$H, MATCH(1, (VALUE(LEFT(fesp!$A:$A,6))=VALUE(LEFT(B83,6)))*(fesp!$C:$C=C83), 0)), "")} -> 192 | R83: {=IFERROR(INDEX(fesp!$I:$I, MATCH(1, (VALUE(LEFT(fesp!$A:$A,6))=VALUE(LEFT(B83,6)))*(fesp!$C:$C=C83), 0)), "")} -> 0 | S83: {=IFERROR(INDEX(fesp!$J:$J, MATCH(1, (VALUE(LEFT(fesp!$A:$A,6))=VALUE(LEFT(B83,6)))*(fesp!$C:$C=C83), 0)), "")} -> 0
A84: Teresina (PI) | B84: 2211001 | C84: 2020 | D84: {=IFERROR(INDEX(fesp!$D:$D, MATCH(1, (VALUE(LEFT(fesp!$A:$A,6))=VALUE(LEFT(B84,6)))*(fesp!$C:$C=C84), 0)), "")} -> 0 | E84: {=IFERROR(INDEX(ft_medicos_clinicos!$C:$C, MATCH(1, (VALUE(LEFT(ft_medicos_clinicos!$A:$A,6))=VALUE(LEFT(B84,6)))*(ft_medicos_clinicos!$B:$B=C84), 0)), "")} -> 443 | F84: {=IFERROR(INDEX(ft_enfermeiros!$C:$C, MATCH(1, (VALUE(LEFT(ft_enfermeiros!$A:$A,6))=VALUE(LEFT(B84,6)))*(ft_enfermeiros!$B:$B=C84), 0)), "")} -> 1570 | G84: {=IFERROR(INDEX(ft_equipes_acs!$C:$C, MATCH(1, (VALUE(LEFT(ft_equipes_acs!$A:$A,6))=VALUE(LEFT(B84,6)))*(ft_equipes_acs!$B:$B=C84), 0)), "")} -> - | H84: {=IFERROR(INDEX(ci_leitos_internacao!$C:$C, MATCH(1, (VALUE(LEFT(ci_leitos_internacao!$A:$A,6))=VALUE(LEFT(B84,6)))*(ci_leitos_internacao!$B:$B=C84), 0)), "")} -> 3456 | I84: {=IFERROR(INDEX(ci_hospitais_internacao!$C:$C, MATCH(1, (VALUE(LEFT(ci_hospitais_internacao!$A:$A,6))=VALUE(LEFT(B84,6)))*(ci_hospitais_internacao!$B:$B=C84), 0)), "")} -> 18 | J84: {=IFERROR(INDEX(ci_pa_clinico!$C:$C, MATCH(1, (VALUE(LEFT(ci_pa_clinico!$A:$A,6))=VALUE(LEFT(B84,6)))*(ci_pa_clinico!$B:$B=C84), 0)), "")} | K84: {=IFERROR(INDEX(aps_equipes_esf!$C:$C, MATCH(1, (VALUE(LEFT(aps_equipes_esf!$A:$A,6))=VALUE(LEFT(B84,6)))*(aps_equipes_esf!$B:$B=C84), 0)), "")} -> - | L84: {=IFERROR(INDEX(casos!$C:$C, MATCH(1, (VALUE(LEFT(casos!$A:$A,6))=VALUE(LEFT(B84,6)))*(casos!$B:$B=C84), 0)), "")} -> 1091 | M84: {=IFERROR(INDEX(srag!$D:$D, MATCH(1, (VALUE(LEFT(srag!$A:$A,6))=VALUE(LEFT(B84,6)))*(srag!$C:$C=C84), 0)), "")} -> 8656 | N84: {=IFERROR(INDEX(fesp!$E:$E, MATCH(1, (VALUE(LEFT(fesp!$A:$A,6))=VALUE(LEFT(B84,6)))*(fesp!$C:$C=C84), 0)), "")} -> 285 | O84: {=IFERROR(INDEX(fesp!$F:$F, MATCH(1, (VALUE(LEFT(fesp!$A:$A,6))=VALUE(LEFT(B84,6)))*(fesp!$C:$C=C84), 0)), "")} -> 6165 | P84: {=IFERROR(INDEX(fesp!$G:$G, MATCH(1, (VALUE(LEFT(fesp!$A:$A,6))=VALUE(LEFT(B84,6)))*(fesp!$C:$C=C84), 0)), "")} -> 3656207 | Q84: {=IFERROR(INDEX(fesp!$H:$H, MATCH(1, (VALUE(LEFT(fesp!$A:$A,6))=VALUE(LEFT(B84,6)))*(fesp!$C:$C=C84), 0)), "")} -> 206 | R84: {=IFERROR(INDEX(fesp!$I:$I, MATCH(1, (VALUE(LEFT(fesp!$A:$A,6))=VALUE(LEFT(B84,6)))*(fesp!$C:$C=C84), 0)), "")} -> 0 | S84: {=IFERROR(INDEX(fesp!$J:$J, MATCH(1, (VALUE(LEFT(fesp!$A:$A,6))=VALUE(LEFT(B84,6)))*(fesp!$C:$C=C84), 0)), "")} -> 0
A85: Teresina (PI) | B85: 2211001 | C85: 2021 | D85: {=IFERROR(INDEX(fesp!$D:$D, MATCH(1, (VALUE(LEFT(fesp!$A:$A,6))=VALUE(LEFT(B85,6)))*(fesp!$C:$C=C85), 0)), "")} -> 0 | E85: {=IFERROR(INDEX(ft_medicos_clinicos!$C:$C, MATCH(1, (VALUE(LEFT(ft_medicos_clinicos!$A:$A,6))=VALUE(LEFT(B85,6)))*(ft_medicos_clinicos!$B:$B=C85), 0)), "")} -> 438 | F85: {=IFERROR(INDEX(ft_enfermeiros!$C:$C, MATCH(1, (VALUE(LEFT(ft_enfermeiros!$A:$A,6))=VALUE(LEFT(B85,6)))*(ft_enfermeiros!$B:$B=C85), 0)), "")} -> 1753 | G85: {=IFERROR(INDEX(ft_equipes_acs!$C:$C, MATCH(1, (VALUE(LEFT(ft_equipes_acs!$A:$A,6))=VALUE(LEFT(B85,6)))*(ft_equipes_acs!$B:$B=C85), 0)), "")} -> - | H85: {=IFERROR(INDEX(ci_leitos_internacao!$C:$C, MATCH(1, (VALUE(LEFT(ci_leitos_internacao!$A:$A,6))=VALUE(LEFT(B85,6)))*(ci_leitos_internacao!$B:$B=C85), 0)), "")} -> 3412 | I85: {=IFERROR(INDEX(ci_hospitais_internacao!$C:$C, MATCH(1, (VALUE(LEFT(ci_hospitais_internacao!$A:$A,6))=VALUE(LEFT(B85,6)))*(ci_hospitais_internacao!$B:$B=C85), 0)), "")} -> 17 | J85: {=IFERROR(INDEX(ci_pa_clinico!$C:$C, MATCH(1, (VALUE(LEFT(ci_pa_clinico!$A:$A,6))=VALUE(LEFT(B85,6)))*(ci_pa_clinico!$B:$B=C85), 0)), "")} | K85: {=IFERROR(INDEX(aps_equipes_esf!$C:$C, MATCH(1, (VALUE(LEFT(aps_equipes_esf!$A:$A,6))=VALUE(LEFT(B85,6)))*(aps_equipes_esf!$B:$B=C85), 0)), "")} -> - | L85: {=IFERROR(INDEX(casos!$C:$C, MATCH(1, (VALUE(LEFT(casos!$A:$A,6))=VALUE(LEFT(B85,6)))*(casos!$B:$B=C85), 0)), "")} -> 1338 | M85: {=IFERROR(INDEX(srag!$D:$D, MATCH(1, (VALUE(LEFT(srag!$A:$A,6))=VALUE(LEFT(B85,6)))*(srag!$C:$C=C85), 0)), "")} -> 8015 | N85: {=IFERROR(INDEX(fesp!$E:$E, MATCH(1, (VALUE(LEFT(fesp!$A:$A,6))=VALUE(LEFT(B85,6)))*(fesp!$C:$C=C85), 0)), "")} -> 292 | O85: {=IFERROR(INDEX(fesp!$F:$F, MATCH(1, (VALUE(LEFT(fesp!$A:$A,6))=VALUE(LEFT(B85,6)))*(fesp!$C:$C=C85), 0)), "")} -> 13556 | P85: {=IFERROR(INDEX(fesp!$G:$G, MATCH(1, (VALUE(LEFT(fesp!$A:$A,6))=VALUE(LEFT(B85,6)))*(fesp!$C:$C=C85), 0)), "")} -> 5608842 | Q85: {=IFERROR(INDEX(fesp!$H:$H, MATCH(1, (VALUE(LEFT(fesp!$A:$A,6))=VALUE(LEFT(B85,6)))*(fesp!$C:$C=C85), 0)), "")} -> 277 | R85: {=IFERROR(INDEX(fesp!$I:$I, MATCH(1, (VALUE(LEFT(fesp!$A:$A,6))=VALUE(LEFT(B85,6)))*(fesp!$C:$C=C85), 0)), "")} -> 0 | S85: {=IFERROR(INDEX(fesp!$J:$J, MATCH(1, (VALUE(LEFT(fesp!$A:$A,6))=VALUE(LEFT(B85,6)))*(fesp!$C:$C=C85), 0)), "")} -> 0
A86: Teresina (PI) | B86: 2211001 | C86: 2022 | D86: {=IFERROR(INDEX(fesp!$D:$D, MATCH(1, (VALUE(LEFT(fesp!$A:$A,6))=VALUE(LEFT(B86,6)))*(fesp!$C:$C=C86), 0)), "")} -> 866300 | E86: {=IFERROR(INDEX(ft_medicos_clinicos!$C:$C, MATCH(1, (VALUE(LEFT(ft_medicos_clinicos!$A:$A,6))=VALUE(LEFT(B86,6)))*(ft_medicos_clinicos!$B:$B=C86), 0)), "")} -> 440 | F86: {=IFERROR(INDEX(ft_enfermeiros!$C:$C, MATCH(1, (VALUE(LEFT(ft_enfermeiros!$A:$A,6))=VALUE(LEFT(B86,6)))*(ft_enfermeiros!$B:$B=C86), 0)), "")} -> 1778 | G86: {=IFERROR(INDEX(ft_equipes_acs!$C:$C, MATCH(1, (VALUE(LEFT(ft_equipes_acs!$A:$A,6))=VALUE(LEFT(B86,6)))*(ft_equipes_acs!$B:$B=C86), 0)), "")} -> - | H86: {=IFERROR(INDEX(ci_leitos_internacao!$C:$C, MATCH(1, (VALUE(LEFT(ci_leitos_internacao!$A:$A,6))=VALUE(LEFT(B86,6)))*(ci_leitos_internacao!$B:$B=C86), 0)), "")} -> 3086 | I86: {=IFERROR(INDEX(ci_hospitais_internacao!$C:$C, MATCH(1, (VALUE(LEFT(ci_hospitais_internacao!$A:$A,6))=VALUE(LEFT(B86,6)))*(ci_hospitais_internacao!$B:$B=C86), 0)), "")} -> 16 | J86: {=IFERROR(INDEX(ci_pa_clinico!$C:$C, MATCH(1, (VALUE(LEFT(ci_pa_clinico!$A:$A,6))=VALUE(LEFT(B86,6)))*(ci_pa_clinico!$B:$B=C86), 0)), "")} | K86: {=IFERROR(INDEX(aps_equipes_esf!$C:$C, MATCH(1, (VALUE(LEFT(aps_equipes_esf!$A:$A,6))=VALUE(LEFT(B86,6)))*(aps_equipes_esf!$B:$B=C86), 0)), "")} -> - | L86: {=IFERROR(INDEX(casos!$C:$C, MATCH(1, (VALUE(LEFT(casos!$A:$A,6))=VALUE(LEFT(B86,6)))*(casos!$B:$B=C86), 0)), "")} -> 18014 | M86: {=IFERROR(INDEX(srag!$D:$D, MATCH(1, (VALUE(LEFT(srag!$A:$A,6))=VALUE(LEFT(B86,6)))*(srag!$C:$C=C86), 0)), "")} -> 2178 | N86: {=IFERROR(INDEX(fesp!$E:$E, MATCH(1, (VALUE(LEFT(fesp!$A:$A,6))=VALUE(LEFT(B86,6)))*(fesp!$C:$C=C86), 0)), "")} -> 321 | O86: {=IFERROR(INDEX(fesp!$F:$F, MATCH(1, (VALUE(LEFT(fesp!$A:$A,6))=VALUE(LEFT(B86,6)))*(fesp!$C:$C=C86), 0)), "")} -> 18188 | P86: {=IFERROR(INDEX(fesp!$G:$G, MATCH(1, (VALUE(LEFT(fesp!$A:$A,6))=VALUE(LEFT(B86,6)))*(fesp!$C:$C=C86), 0)), "")} -> 7026977 | Q86: {=IFERROR(INDEX(fesp!$H:$H, MATCH(1, (VALUE(LEFT(fesp!$A:$A,6))=VALUE(LEFT(B86,6)))*(fesp!$C:$C=C86), 0)), "")} -> 259 | R86: {=IFERROR(INDEX(fesp!$I:$I, MATCH(1, (VALUE(LEFT(fesp!$A:$A,6))=VALUE(LEFT(B86,6)))*(fesp!$C:$C=C86), 0)), "")} -> 0 | S86: {=IFERROR(INDEX(fesp!$J:$J, MATCH(1, (VALUE(LEFT(fesp!$A:$A,6))=VALUE(LEFT(B86,6)))*(fesp!$C:$C=C86), 0)), "")} -> 0
